[
    {"loc_id":"0","name": "Select State", "value": ""},
    {"loc_id":"1","name":"Federal Capital Territory","value":"Gwagwalada|Kuje|Abaji|Abuja Municipal|Bwari|Kwali"}, {"loc_id":"2","name":"Abia","value":"Aba North|Aba South|Arochukwu|Bende|Ikwuano|Isiala-Ngwa North|Isiala-Ngwa South|Isuikwato|Obi Nwa|Ohafia|Osisioma|Ngwa|Ugwunagbo|Ukwa East|Ukwa West|Umuahia North|Umuahia South|Umu-Neochi"},
    {"loc_id":"3","name":"Adamawa","value":"Demsa|Fufore| Ganaye|Gireri|Gombi|Guyuk|Hong|Jada|Lamurde|Madagali|Maiha|Mayo-Belwa|Michika|Mubi North|Mubi South|Numan|Shelleng|Song|Toungo|Yola North|Yola South"},
    {"loc_id":"4","name":"Akwa Ibom","value":"Abak|Eastern Obolo|Eket|Esit Eket|Essien Udim|Etim Ekpo|Etinan|Ibeno|Ibesikpo Asutan|Ibiono Ibom|Ika|Ikono|Ikot Abasi|Ikot Ekpene|Ini|Itu|Mbo|Mkpat Enin|Nsit Atai|Nsit Ibom|Nsit Ubium|Obot Akara|Okobo|Onna|Oron|Oruk Anam|Udung Uko|Ukanafun|Uruan|Urue-Offong\/Oruko|Uyo"}, {"loc_id":"5","name":"Anambra","value":"Aguata|Anambra East|Anambra West|Anaocha|Awka North|Awka South|Ayamelum|Dunukofia|Ekwusigo|Idemili North|Idemili south|Ihiala|Njikoka|Nnewi North|Nnewi South|Ogbaru|Onitsha North|Onitsha South|Orumba North|Orumba South|Oyi"}, {"loc_id":"6","name":"Bauchi","value":"Alkaleri|Bauchi|Bogoro|Damban|Darazo|Dass|Ganjuwa|Giade|Itas\/Gadau|Jama'are|Katagum|Kirfi|Misau|Ningi|Shira|Tafawa-Balewa|Toro|Warji|Zaki"},
    {"loc_id":"7","name":"Bayelsa","value":"Brass|Ekeremor|Kolokuma\/Opokuma|Nembe|Ogbia|Sagbama|Southern Jaw|Yenegoa"},
    {"loc_id":"8","name":"Benue","value":"Ado|Agatu|Apa|Buruku|Gboko|Guma|Gwer East|Gwer West|Katsina-Ala|Konshisha|Kwande|Logo|Makurdi|Obi|Ogbadibo|Oju|Okpokwu|Ohimini|Oturkpo|Tarka|Ukum|Ushongo|Vandeikya"},
    {"loc_id":"9","name":"Bornu","value":"Abadam|Askira\/Uba|Bama|Bayo|Biu|Chibok|Damboa|Dikwa|Gubio|Guzamala|Gwoza|Hawul|Jere|Kaga|Kala\/Balge|Konduga|Kukawa|Kwaya Kusar|Mafa|Magumeri|Maiduguri|Marte|Mobbar|Monguno|Ngala|Nganzai|Shani"},
    {"loc_id":"10","name":"Cross River ","value":"Abi|Akamkpa|Akpabuyo|Bakassi|Bekwara|Biase|Boki|Calabar Municipality|Calabar South|Etung|Ikom|Obanliku|Obudu|Odubra|Odukpani|Ogoja|Yala|Yarkur"},
    {"loc_id":"11","name":"Delta","value":"Aniocha|Aniocha South|Bomadi|Burutu|Ethiope East|Ethiope West|Ika North-East|Ika South|Isoko North|Isoko south|Ndokwa East|Ndokwa West|Okpe|Oshimili|Oshimili North|Patani|Sapele|Udu|Ughelli North|Ughelli South|Ukwani|Uvwie|Warri Central|Warri North|Warri South"},
    {"loc_id":"12","name":"Ebonyi","value":"Abakaliki|Afikpo North|Afikpo South|Ebonyi|Ezza|Ezza South|Ishielu|Ivo|Ohaozara|Ohaukwu|Onicha|lkwo"},
    {"loc_id":"13","name":"Edo","value":"Central|Egor|Esan Central|Esan North-East|Esan South-East|Esan West|Etsako Central|Etsako East|Igueben|Oredo|Orhionwon|Ovia South-East|Ovia SouthWest|Uhunmwonde|Ukpoba"}, {"loc_id":"14","name":"Ekiti","value":"Ado|Ekiti-East|Ekiti-West|Emure\/Ise\/Orun|Ekiti South-West|Ikare|Irepodun|Ijero|Ido\/Osi|Oye|Ikole|Moba|Gbonyin|Efon|Ise\/Orun|Ilejemeje"},
    {"loc_id":"15","name":"Enugu","value":"Aninri|Enugu East|Enugu North|Enugu South|Ezeagu|Igbo-Ekiti|Igbo-Eze South|IgboEze North|Isi-Uzo|Nkanu|Nkanu East|Nsukka|Oji-River|Udenu|Udi Agwu|Uzo-Uwani"}, {"loc_id":"16","name":"Gombe","value":"Akko|Balanga|Billiri|Dukku|Funakaye|Gombe|Kaltungo|Kwami|Nafada\/Bajoga|Shomgom|Yamaltu\/Delta"},
    {"loc_id":"17","name":"Imo","value":"Aboh-Mbaise|  Ahiazu-Mbaise|  Ehime-Mbano|  Ezinihitte|  Ideato North|  Ideato South|  Ihitte\/Uboma|  Ikeduru|  Isiala Mbano|  Isu|  Mbaitoli|  Mbaitoli|  Ngor-Okpala|  Njaba|  Nwangele|  Nkwerre|  Obowo|  Oguta|  Ohaji\/Egbema|  Okigwe|  Orlu|  Orsu|  Oru East|  Oru West|Owerri-Municipal|  Owerri North|  Owerri West|"},
    {"loc_id":"18","name":"Jigawa","value":"Auyo|Babura|Birni Kudu|Biriniwa|Buji|Dutse|Gagarawa|Garki|Gumel|Guri|Gwaram|Gwiwa|Hadejia|Jahun|Kafin Hausa|Kaugama Kazaure|Kiri Kasamma|Kiyawa|Maigatari|Malam Madori|Miga|Ringim|Roni|Sule-Tankarkar|Taura|Yankwashi"},
    {"loc_id":"19","name":"Kaduna","value":"Birni-Gwari|Chikun|Giwa|Igabi|Ikara|jaba|Jema'a|Kachia|Kaduna North|Kaduna South|Kagarko|Kajuru|Kaura|Kauru|Kubau|Kudan|Lere|Makarfi|Sabon-Gari|Sanga|Soba|Zango-Kataf|Zaria"},
    {"loc_id":"20","name":"Kano","value":"Ajingi|Albasu|Bagwai|Bebeji|Bichi|Bunkure|Dala|Dambatta|Dawakin Kudu|Dawakin Tofa|Doguwa|Fagge|Gabasawa|Garko|Garum|Mallam|Gaya|Gezawa|Gwale|Gwarzo|Kabo|Kano Municipal|Karaye|Kibiya|Kiru|kumbotso|Kunchi|Kura|Madobi|Makoda|Minjibir|Nasarawa|Rano|Rimin Gado|Rogo|Shanono|Sumaila|Takali|Tarauni|Tofa|Tsanyawa|Tudun Wada|Ungogo|Warawa|Wudil"},
    {"loc_id":"21","name":"Katsina","value":"Bakori|Batagarawa|Batsari|Baure|Bindawa|Charanchi|Dandume|Danja|Dan Musa|Daura|Dutsi|Dutsin-Ma|Faskari|Funtua|Ingawa|Jibia|Kafur|Kaita|Kankara|Kankia|Katsina|Kurfi|Kusada|Mai'Adua|Malumfashi|Mani|Mashi|Matazuu|Musawa|Rimi|Sabuwa|Safana|Sandamu|Zango"},
    {"loc_id":"22","name":"Kebbi","value":"Aleiro|Arewa-Dandi|Argungu|Augie|Bagudo|Birnin Kebbi|Bunza|Dandi|Fakai|Gwandu|Jega|Kalgo|Koko\/Besse|Maiyama|Ngaski|Sakaba|Shanga|Suru|Wasagu\/Danko|Yauri|Zuru"},
    {"loc_id":"23","name":"Kogi","value":"Adavi|Ajaokuta|Ankpa|Bassa|Dekina|Ibaji|Idah|Igalamela-Odolu|Ijumu|Kabba\/Bunu|Kogi|Lokoja|Mopa-Muro|Ofu|Ogori\/Mangongo|Okehi|Okene|Olamabolo|Omala|Yagba East|Yagba West"}, {"loc_id":"24","name":"Kwara","value":"Asa|Baruten|Edu|Ekiti|Ifelodun|Ilorin East|Ilorin West|Irepodun|Isin|Kaiama|Moro|Offa|Oke-Ero|Oyun|Pategi"}, {"loc_id":"25","name":"Lagos","value":"Agege|Ajeromi-Ifelodun|Alimosho|Amuwo-Odofin|Apapa|Badagry|Epe|Eti-Osa|Ibeju\/Lekki|Ifako-Ijaye|Ikeja|Ikorodu|Kosofe|Lagos Island|Lagos Mainland|Mushin|Ojo|Oshodi-Isolo|Shomolu|Surulere"},
    {"loc_id":"26","name":"Nasarawa","value":"Akwanga|Awe|Doma|Karu|Keana|Keffi|Kokona|Lafia|Nasarawa|Nasarawa-Eggon|Obi|Toto|Wamba"},
    {"loc_id":"27","name":"Niger","value":"Agaie|Agwara|Bida|Borgu|Bosso|Chanchaga|Edati|Gbako|Gurara|Katcha|Kontagora|Lapai|Lavun|Magama|Mariga|Mashegu|Mokwa|Muya|Pailoro|Rafi|Rijau|Shiroro|Suleja|Tafa|Wushishi"}, {"loc_id":"28","name":"Ogun","value":"Abeokuta North|Abeokuta South|Ado-Odo\/Ota|Egbado North|Egbado South|Ewekoro|Ifo|Ijebu East|Ijebu North|Ijebu North East|Ijebu Ode|Ikenne|Imeko-Afon|Ipokia|Obafemi-Owode|Ogun Waterside|Odeda|Odogbolu|Remo North|Shagamu"},
    {"loc_id":"29","name":"Ondo","value":"Akoko North East|Akoko North West|Akoko South|Akoko South West|Akure East|Akure North|Akure South|Ese-Odo|Idanre|Ifedore|Ilaje|Ile-Oluji|Okeigbo|Irele|Odigbo|Okitipupa|Ondo East|Ondo West|Ose|Owo"},
    {"loc_id":"30","name":"Osun","value":"Aiyedade|Aiyedire|Atakumosa East|Atakumosa West|Boluwaduro|Boripe|Ede North|Ede South|Egbedore|Ejigbo|Ife Central|Ife East|Ife North|Ife South|Ifedayo|Ifelodun|Ila|Ilesha East|Ilesha West|Irepodun|Irewole|Isokan|Iwo|Obokun|Odo-Otin|Ola-Oluwa|Olorunda|Oriade|Orolu|Osogbo"}, {"loc_id":"31","name":"Oyo","value":"Afijio|Akinyele|Atiba|Atigbo|Egbeda|Ibadan Central|Ibadan North|Ibadan North West|Ibadan South East|Ibadan South West|Ibarapa Central|Ibarapa East|Ibarapa North|Ido|Irepo|Iseyin|Itesiwaju|Iwajowa|Kajola|Lagelu|Ogbomosho North|Ogbmosho South|Ogo Oluwa|Olorunsogo|Oluyole|Ona-Ara|Orelope|Ori Ire|Oyo East|Oyo West|Saki East|Saki West|Surulere"}, {"loc_id":"32","name":"Plateau","value":"Barikin Ladi|Bassa|Bokkos|Jos East|Jos North|Jos South|Kanam|Kanke|Langtang North|Langtang South|Mangu|Mikang|Pankshin|Qua'an Pan|Riyom|Shendam|Wase"},
    {"loc_id":"33","name":"Rivers","value":"Abua\/Odual|Ahoada East|Ahoada West|Akuku Toru|Andoni|Asari-Toru|Bonny|Degema|Emohua|Eleme|Etche|Gokana|Ikwerre|Khana|Obia\/Akpor|Ogba\/Egbema\/Ndoni|Ogu\/Bolo|Okrika|Omumma|Opobo\/Nkoro|Oyigbo|Port-Harcourt|Tai"},
    {"loc_id":"34","name":"Sokoto","value":"Binji|Bodinga|Dange-shnsi|Gada|Goronyo|Gudu|Gawabawa|Illela|Isa|Kware|kebbe|Rabah|Sabon birni|Shagari|Silame|Sokoto North|Sokoto South|Tambuwal|Tangaza|Tureta|Wamako|Wurno|Yabo"}, {"loc_id":"35","name":"Taraba","value":"Ardo-kola|Bali|Donga|Gashaka|Cassol|Ibi|Jalingo|Karin-Lamido|Kurmi|Lau|Sardauna|Takum|Ussa|Wukari|Yorro|Zing"}, {"loc_id":"36","name":"Yobe","value":"Bade|Bursari|Damaturu|Fika|Fune|Geidam|Gujba|Gulani|Jakusko|Karasuwa|Karawa|Machina|Nangere|Nguru Potiskum|Tarmua|Yunusari|Yusufari"},
    {"loc_id":"37","name":"Zamfara","value":"Anka|Bakura|Birnin Magaji|Bukkuyum|Bungudu|Gummi|Gusau|Kaura|Namoda|Maradun|Maru|Shinkafi|Talata Mafara|Tsafe|Zurmi"},
    {"loc_id":"38","name":"Not Important","value":"_"}
]
