-- phpMyAdmin SQL Dump
-- version 4.3.8
-- http://www.phpmyadmin.net
--
-- Host: localhost
-- Generation Time: Jan 07, 2017 at 06:56 PM
-- Server version: 5.5.51-38.2
-- PHP Version: 5.4.31

SET SQL_MODE = "NO_AUTO_VALUE_ON_ZERO";
SET time_zone = "+00:00";


/*!40101 SET @OLD_CHARACTER_SET_CLIENT=@@CHARACTER_SET_CLIENT */;
/*!40101 SET @OLD_CHARACTER_SET_RESULTS=@@CHARACTER_SET_RESULTS */;
/*!40101 SET @OLD_COLLATION_CONNECTION=@@COLLATION_CONNECTION */;
/*!40101 SET NAMES utf8 */;

--
-- Database: `secretro_data`
--

-- --------------------------------------------------------

--
-- Table structure for table `match`
--

CREATE TABLE IF NOT EXISTS `match` (
  `match_id` int(11) NOT NULL,
  `match_type` varchar(5) COLLATE utf8_unicode_ci NOT NULL,
  `f_cid` int(11) NOT NULL,
  `f_qid` int(11) NOT NULL,
  `s_cid` int(11) NOT NULL,
  `s_qid` int(11) NOT NULL,
  `m_cid` int(11) NOT NULL,
  `m_qid` int(11) NOT NULL,
  `m_range` int(11) NOT NULL,
  `last_update` varchar(50) COLLATE utf8_unicode_ci NOT NULL,
  `date_created` varchar(50) COLLATE utf8_unicode_ci NOT NULL
) ENGINE=MyISAM AUTO_INCREMENT=2 DEFAULT CHARSET=utf8 COLLATE=utf8_unicode_ci;

--
-- Dumping data for table `match`
--

INSERT INTO `match` (`match_id`, `match_type`, `f_cid`, `f_qid`, `s_cid`, `s_qid`, `m_cid`, `m_qid`, `m_range`, `last_update`, `date_created`) VALUES
(1, 'p', 1, 6, 1, 5, 0, 0, 0, '1457019295', '1457019295');

-- --------------------------------------------------------

--
-- Table structure for table `profile`
--

CREATE TABLE IF NOT EXISTS `profile` (
  `p_id` int(11) NOT NULL,
  `p_email` varchar(100) COLLATE utf8_unicode_ci NOT NULL,
  `p_pass` varchar(100) COLLATE utf8_unicode_ci NOT NULL,
  `p_name` varchar(100) COLLATE utf8_unicode_ci NOT NULL,
  `p_gender` varchar(10) COLLATE utf8_unicode_ci NOT NULL,
  `p_age` varchar(10) COLLATE utf8_unicode_ci NOT NULL,
  `p_height` varchar(10) COLLATE utf8_unicode_ci NOT NULL,
  `p_timestamp` varchar(20) COLLATE utf8_unicode_ci NOT NULL,
  `status` varchar(20) COLLATE utf8_unicode_ci NOT NULL,
  `status_change_time` varchar(50) COLLATE utf8_unicode_ci NOT NULL
) ENGINE=MyISAM AUTO_INCREMENT=46 DEFAULT CHARSET=utf8 COLLATE=utf8_unicode_ci;

--
-- Dumping data for table `profile`
--

INSERT INTO `profile` (`p_id`, `p_email`, `p_pass`, `p_name`, `p_gender`, `p_age`, `p_height`, `p_timestamp`, `status`, `status_change_time`) VALUES
(1, 'sholadedokun@yahoo.com', 'd52f84d6bf8e7aa3b5d174e45d35d7bf', 'Olushola', 'Male', '26-30', '3-4 feet', '1470920681', 'TermAccepted', '1470921023'),
(2, 'buchanora', 'abe57544215b91ba8447eb1cf43ea41b', 'hvbhjvjgvg vgvhvhg uyvkyuk', 'Male', '46-50', '4-5 feet', '1470921344', '', ''),
(3, 'lababe7@gmail.com', '36f5a2e711cdea06d2dae8546e2fbd43', 'Funke', 'Female', '31-35', '5-6 feet', '1471353603', 'TermAccepted', '1471354169'),
(4, 'buchanora', 'abe57544215b91ba8447eb1cf43ea41b', 'davdavd dvvdad dava', 'Male', '36-40', '4-5 feet', '1471709110', '', ''),
(5, 'buchanora', 'abe57544215b91ba8447eb1cf43ea41b', '', '', '', '', '1471709366', '', ''),
(6, 'buchanora', 'abe57544215b91ba8447eb1cf43ea41b', '', '', '', '', '1472319174', '', ''),
(7, 'buchanora', 'abe57544215b91ba8447eb1cf43ea41b', '', '', '', '', '1472997600', '', ''),
(8, 'buchanora', 'abe57544215b91ba8447eb1cf43ea41b', '', '', '', '', '1472999311', '', ''),
(9, 'buchanora', 'abe57544215b91ba8447eb1cf43ea41b', '', '', '', '', '1473001647', '', ''),
(10, 'buchanora', 'abe57544215b91ba8447eb1cf43ea41b', '', '', '', '', '1473001701', '', ''),
(11, 'buchanora', 'abe57544215b91ba8447eb1cf43ea41b', '', '', '', '', '1473007197', '', ''),
(12, 'buchanora', 'abe57544215b91ba8447eb1cf43ea41b', '', '', '', '', '1473007763', '', ''),
(13, 'buchanora', 'abe57544215b91ba8447eb1cf43ea41b', 'gjmgcmgmcg', 'Male', '28-30', '3-4 feet', '1473014206', 'TermAccepted', '1473014434'),
(14, 'buchanora@gmail.com', 'c2a2fc86022163d32f3aa06f7c4e4a1b', 'vnf fxgxmgx', 'Male', '36-40', '4-5 feet', '1476853258', 'TermAccepted', '1476853503'),
(15, 'hhh', 'a3aca2964e72000eea4c56cb341002a4', '', '', '', '', '1477900627', '', ''),
(16, 'fff', '343d9040a671c45832ee5381860e2996', '', '', '', '', '1477901059', '', ''),
(17, 'buchanora@gmail.com', 'c2a2fc86022163d32f3aa06f7c4e4a1b', '', '', '', '', '1477910317', '', ''),
(18, 'buchanora@gmail.com', 'c2a2fc86022163d32f3aa06f7c4e4a1b', '', '', '', '', '1477911342', '', ''),
(19, 'buchanora@gmail.com', 'c2a2fc86022163d32f3aa06f7c4e4a1b', '', '', '', '', '1477911475', '', ''),
(20, 'buchanora@gmail.com', 'c2a2fc86022163d32f3aa06f7c4e4a1b', 'dfnfdn efbbf', 'Male', '31-35', '4-5 feet', '1477912595', 'TermAccepted', '1477912713'),
(21, 'buchanora@gmail.com', 'c2a2fc86022163d32f3aa06f7c4e4a1b', '', '', '', '', '1478087342', '', ''),
(22, 'hhhhh', 'fa7f08233358e9b466effa1328168527', '', '', '', '', '1478104355', '', ''),
(23, 'fff', '633de4b0c14ca52ea2432a3c8a5c4c31', '', '', '', '', '1478104429', '', ''),
(24, 'ffff', '343d9040a671c45832ee5381860e2996', '', '', '', '', '1478104490', '', ''),
(25, 'fff', '633de4b0c14ca52ea2432a3c8a5c4c31', '', '', '', '', '1478104579', '', ''),
(26, 'jjj', 'ba248c985ace94863880921d8900c53f', '', '', '', '', '1478104597', '', ''),
(27, 'ff', '343d9040a671c45832ee5381860e2996', '', '', '', '', '1478104798', '', ''),
(28, 'fff', '633de4b0c14ca52ea2432a3c8a5c4c31', '', '', '', '', '1478104817', '', ''),
(29, 'fff', '633de4b0c14ca52ea2432a3c8a5c4c31', '', '', '', '', '1478186750', '', ''),
(30, 'buchanora@gmail.com', 'c2a2fc86022163d32f3aa06f7c4e4a1b', 'rghehresh', 'Male', '28-30', '3-4 feet', '1479456835', 'TermAccepted', '1479457060'),
(31, 'Ggg@yahoo.com', '7c8ed366b81e9e74bfd664c2dbf53feb', '', '', '', '', '1479938252', '', ''),
(32, 'buchanora@gmail.com', 'c2a2fc86022163d32f3aa06f7c4e4a1b', '', '', '', '', '1480168900', '', ''),
(33, 'buchanora@gmail.com', 'c2a2fc86022163d32f3aa06f7c4e4a1b', '', 'Female', '', '', '1480170745', '', ''),
(34, 'buchanora@gmail.com', 'c2a2fc86022163d32f3aa06f7c4e4a1b', 'ewwegwg', 'Male', '31-35', '3-4 feet', '1480171531', 'TermAccepted', '1480171647'),
(35, 'uzuazor@yahoo.com', '06a79e1016ddb337ffbd02b18933eb6c', '', '', '', '', '1482164760', '', ''),
(36, 'uzuazor@yahoo.com', '06a79e1016ddb337ffbd02b18933eb6c', '', 'Female', '31-35', '3-4 feet', '1482165658', '', ''),
(37, 'Rfffg', '24dfe6a88953052c9f9a01c95b5a7f5f', 'Jmm, dkmdld', 'Male', '41-45', '5-6 feet', '1482480023', 'TermAccepted', '1482481271'),
(38, 'buchanora@gmail.com', 'c2a2fc86022163d32f3aa06f7c4e4a1b', 'vnf fxgxmgx', 'Male', '36-40', '4-5 feet', '1482844460', '', ''),
(39, 'buchanora@gmail.com', 'c2a2fc86022163d32f3aa06f7c4e4a1b', '', 'Male', '36-40', '', '1482851715', '', ''),
(40, 'buchanora@gmail.com', 'c2a2fc86022163d32f3aa06f7c4e4a1b', 'vnf fxgxmgx', '', '', '', '1482852614', '', ''),
(41, 'buchanora@gmail.com', 'c2a2fc86022163d32f3aa06f7c4e4a1b', 'ytfctyctdy', 'Male', '36-40', '5-6 feet', '1482853478', 'TermAccepted', '1482853642'),
(42, 'uzuazor@yahoo.com', '06a79e1016ddb337ffbd02b18933eb6c', '', 'Female', '31-35', '3-4 feet', '1483444717', '', ''),
(43, 'uzuazor@yahoo.com', '06a79e1016ddb337ffbd02b18933eb6c', '', '', '', '', '1483446178', '', ''),
(44, 'buchanora@gmail.com', 'c2a2fc86022163d32f3aa06f7c4e4a1b', '', 'Male', '36-40', '4-5 feet', '1483540424', '', ''),
(45, 'buchanora@gmail.com', 'c2a2fc86022163d32f3aa06f7c4e4a1b', 'george', 'Male', '41-45', '6-7 feet', '1483628026', 'TermAccepted', '1483628146');

-- --------------------------------------------------------

--
-- Table structure for table `question_bank`
--

CREATE TABLE IF NOT EXISTS `question_bank` (
  `question_id` int(11) NOT NULL,
  `question_text` varchar(500) NOT NULL,
  `question_category` varchar(50) NOT NULL,
  `question_order` int(11) NOT NULL,
  `question_type` varchar(50) NOT NULL,
  `question_response_options` varchar(1500) NOT NULL,
  `question_scale` varchar(500) NOT NULL,
  `question_response_min` int(11) NOT NULL,
  `question_response_max` int(11) NOT NULL,
  `question_weight` int(11) NOT NULL,
  `question_updated` varchar(50) NOT NULL,
  `question_created` varchar(50) NOT NULL
) ENGINE=InnoDB AUTO_INCREMENT=86 DEFAULT CHARSET=latin1;

--
-- Dumping data for table `question_bank`
--

INSERT INTO `question_bank` (`question_id`, `question_text`, `question_category`, `question_order`, `question_type`, `question_response_options`, `question_scale`, `question_response_min`, `question_response_max`, `question_weight`, `question_updated`, `question_created`) VALUES
(5, 'What is your gender ?', '1', 0, 'mp', 'Male | Female', '', 1, 1, 0, '1453193129', '1453193129'),
(6, 'Please confirm the gender of your desired partner ?', '1', 1, 'mp', 'Male | Female', '', 1, 1, 0, '1453193273', '1453193273'),
(7, 'Where do you live ?', '1', 2, 'mp', 'get_country()', '', 1, 1, 0, '1453193379', '1453193379'),
(8, 'In what state do you reside?', '1', 3, 'mp', 'get_state()', '', 1, 1, 0, '1470440477', '1453193484'),
(9, 'What country are you from ?', '1', 4, 'mp', 'get_country()', '', 1, 1, 0, '1457900473', '1453193643'),
(10, 'What region/country should your desired partner come from ?', '1', 6, 'mp', 'get_country()', '', 1, 1, 0, '1454074275', '1453193711'),
(11, 'What state should your desired partner come from ?', '1', 7, 'mp', 'get_state()', '', 1, 1, 1, '1468700971', '1453193781'),
(12, 'The State of origin of my desired partner is ?', '1', 8, 's', '', 'Not Important| Important| Very Important', 1, 1, 0, '1466390507', '1453193835'),
(13, 'How important is the location of your partner ?', '1', 9, 's', '', 'Not Important | Important| Very Important', 1, 1, 0, '1454331154', '1453193897'),
(14, 'How old are you ?', '1', 10, 'mp', 'get_age()', '', 1, 1, 0, '1454331716', '1453193931'),
(15, 'What is the preferred age of your desired partner?', '1', 11, 'mp', 'get_age()', '', 1, 1, 0, '1468701507', '1453193993'),
(16, 'The age of my partner is ?', '1', 12, 's', '', 'Not Important| Important|  Very Important', 1, 1, 0, '1454331217', '1453194027'),
(17, 'What is your height ?', '1', 13, 'mp', 'get_height()', '', 1, 1, 0, '1455642428', '1453194074'),
(18, 'The height of my partner is ?', '1', 14, 's', '', 'Not Important| Important| Very Important', 1, 1, 0, '1454331252', '1453194151'),
(19, 'What is your relationship status?', '1', 15, 'mp', 'never been married | divorced | separated | widow / widower | divorced with kids | never been married but with kids\r\n', '', 1, 1, 1, '1468682400', '1453495666'),
(20, 'How many kids?', '1', 16, 'tb', '1| 5 |6', '', 1, 1, 1, '1470440636', '1453495720'),
(21, 'The relationship status of my  desired partner is ?', '1', 17, 's', '', 'Not Important|Important| Very Important', 1, 1, 0, '1453495770', '1453495770'),
(22, 'How will you describe your spirituality ?', '1', 18, 'mp', 'I am religious but not spiritual | I am spiritual but not religious | I am religious and spiritual | I am neither', '', 1, 1, 0, '1466390676', '1453495866'),
(23, 'What is your practicing belief?', '1', 19, 'mp', 'Muslim | catholic | Pentecostal | Anglican | Judaism |Budahism | None', '', 1, 1, 0, '1457353998', '1453495932'),
(24, 'What belief should your partner belong to ?', '1', 20, 'mp', 'Muslim | catholic | Pentecostal | I don''t mind | Anglican | Judaism | Budhist', '', 1, 1, 0, '1457902495', '1453496139'),
(25, 'The religion or spirituality of my partner is ?', '1', 21, 's', '', 'Not Important|Important| Very Important', 1, 1, 0, '1453496210', '1453496210'),
(26, 'What is your highest level of education?', '2', 1, 'mp', 'No Education | Primary Education | Secondary School / Apprenticeship | Bachelor''s Degree |Master''s Degree | Doctorate', '', 1, 1, 0, '1470440710', '1453496504'),
(27, 'The preferred level of education of my partner is?', '2', 2, 'mp', 'No Education | Primary Education | Secondary School / Apprenticeship | Bachelor''s Degree |Master''s Degree | Doctorate', '', 1, 1, 0, '1470440742', '1453501573'),
(28, 'The education level of my partner is?', '2', 3, 's', '', 'Not Important| Important| Very Important', 1, 1, 0, '1453501616', '1453501616'),
(29, 'Are you in paid employment or self-employed?\r\n', '2', 4, 'mp', 'Paid Employmennt | Self-employed', '', 1, 1, 0, '1453501710', '1453501710'),
(30, 'What is your profession?', '2', 5, 'tb', '', '', 1, 1, 0, '1454008227', '1453501751'),
(31, 'The profession of my partner is?', '2', 6, 's', '', 'Not Important| Important| Very Important', 1, 1, 0, '1453501877', '1453501877'),
(32, 'How well does this apply to you?  I will like my partner to...', '2', 22, 'mp', 'Work in a corporate environment | Have his/her own business | I don’t mind either', '', 1, 1, 0, '1453502006', '1453502006'),
(33, 'Which four of these best describe you ?', '3', 1, 'mp', 'Trendy | Attractive  | Athletic | Overweight | Plain | Curvy | Slim | light skinned | dark skinned', '', 1, 0, 0, '1468701627', '1453502149'),
(34, 'How satisfied are you with your looks ?', '3', 2, 's', '', 'Not satisfied |  Satisfied | Very satisfied ', 1, 1, 0, '1453502254', '1453502254'),
(37, 'It is important that my partner has an attractive appearance?', '3', 4, 's', '', 'Not Important| Important| Very Important', 1, 1, 0, '1453503229', '1453503229'),
(46, 'How well does the following describe you? Use the scale to answer', '4', 1, 'sm', 'I''m proud of my education.|\r\nI have to be in control of a situation.|\r\nI get upset quickly.|\r\nI either like or hate new people.|\r\nI feel better around others.|\r\nI take my anger out on others.|\r\nI like to stay fit.|\r\nI''m always prepared.|\r\nI pay attention to detail.|\r\nI always accomplish a lot.|\r\nI like a lot of variety.|\r\nI have good social skills.|\r\nI get easily discouraged.\r\n', 'Not me at all| Slightly me| That’s exactly me', 0, 0, 0, '1455026390', '1453579053'),
(50, 'What three things are you most grateful for in your life, past and present?', '4', 4, 'tb', '', '', 3, 3, 0, '1455026508', '1453651866'),
(51, 'How interested will you be in a partner that has the following hobbies?', '4', 5, 'sm', 'Music|\r\nAdventure Sports|\r\nFine Food and Dining|\r\nTeam Sports (Football, Rugby, Cricket etc.)|\r\nArts and Crafts|\r\nTheatre / Dance / Opera / Ballet|\r\nRacket Sports|\r\nNature / Gardening|\r\nSocialising / Clubbing|\r\nPhilanthropy|\r\nMovies / Cinema|\r\nTravel|\r\nArt|\r\nPhotography|\r\nSailing / Windsurfing / Water Sports|\r\nLiterature / Reading|\r\nHealth and Fitness|\r\nHiking / Climbing', 'Not interested| Somewhat interested| Very interested', 0, 0, 0, '1455026552', '1453652120'),
(52, 'We all have different things we are passionate about. What’s yours?\r\n', '4', 6, 'mp', 'Spending time with family|\r\nSpending time with friends|\r\nLive music and concerts|\r\nSpending time outdoors|\r\nSpending time indoors|\r\nParticipation in the religious activities|\r\nPlaying musical instruments / Singing|\r\nScience / Technology|\r\nPersonal development|\r\nCharity work|\r\nWatching sporting events|\r\nCookery|\r\nHouse keeping|\r\nSwimming|\r\nCycling|\r\nComedy|\r\nGalleries and Museum|\r\nRunning / Jogging|\r\nLanguages|\r\nWriting / Blogging|\r\nPC and Console gaming|\r\nPolitics / Current Affairs', '', 0, 0, 0, '1455026579', '1453652257'),
(55, 'How often do you smoke? ', '4', 8, 'mp', 'Never|\nseveral times a year|\nabout once a week| \nA few times a week|\nevery day', '', 1, 1, 0, '1470440672', '1453652497'),
(56, 'which smoking habits you would you accept from your partner?', '4', 9, 'mp', 'Never|\r\nseveral times a year|\r\nabout once a week| \r\nA few times a week|\r\nevery day', '', 1, 1, 0, '1455030145', '1453652542'),
(57, 'Is the smoking habit of your partner important to you?', '4', 10, 's', '', 'Not Important| Important| Very Important', 1, 1, 0, '1453652672', '1453652672'),
(58, 'How often do you drink?', '4', 11, 'mp', 'Never|\r\nA few times a year|\r\nabout once a week|\r\nA few times a week|\r\nevery day', '', 1, 1, 0, '1455030177', '1453652752'),
(59, 'Which drinking habits you would accept from your partner', '4', 12, 'mp', 'Never| A few times a year| about once a week| A few times a week| every day', '', 1, 1, 0, '1455030211', '1453652880'),
(60, 'Is the drinking habit of your partner important to you?', '4', 13, 's', '', 'Not Important| Important| Very Important', 1, 1, 0, '1453652917', '1453652917'),
(61, 'Do you have any children up to the age of 18 that currently lives in your household?', '4', 14, 'mp', 'I have none|\r\nTwo children|\r\nThree or more children\r\n', '', 1, 1, 0, '1453653012', '1453653012'),
(62, 'Will you consider having children or adopting with your partner and raising a family?', '4', 15, 'mp', 'Yes, definitely |\r\nMaybe |\r\nNo thank you\r\n', '', 1, 1, 0, '1455030276', '1453653177'),
(63, 'Are you open to meeting a partner who has children under the age of 18 ?', '4', 16, 'mp', 'Yes |\r\nNo', '', 1, 1, 0, '1455030331', '1453653262'),
(77, 'Please enter your first name', '4', 18, 'tb', '', '', 0, 1, 0, '1466392129', '1466392129'),
(78, 'It''s ok to match me with men/women who are...(Select all that apply)', '6', 1, 'mp', 'Black / African / Carib | \nWhite / Caucasian |\nIndian |\nPakistani |\nBangladeshi |\nChinese |\nJapanese |\nArabic / Middle Eastern |\nNo Preference', '', 0, 8, 1, '1468702419', '1466392212'),
(79, 'Please enter your address. It will not be revealed to matches', '4', 19, 'tb', '', '', 0, 1, 1, '1466392241', '1466392241'),
(80, 'How far should we go in search for your matches? Within 30 miles/50 km', '6', 2, 'mp', 'Within 60 miles/100 km |\nWithin 120 miles/200 km |\nWithin 300 miles/500 km |\nIn my country |\nAnywhere in the world!', '', 0, 1, 1, '1468702501', '1466392443'),
(81, 'How important is the distance between you and your suggested matches?', '6', 3, 's', '', 'Not important|Somewhat important|Very important', 0, 1, 1, '1468703944', '1466392510'),
(82, 'Which income bracket do you fall into?[STRICTLY CONFIDENTIAL]', '6', 4, 'mp', 'Less than N5m a year|\nBetween N5m and N 10m a year|\nBetween N 10m and N15m a year|\nBetween N15M and N20m a year|\nBetween N20m and N 30m a year|\nBetween N30m and N50m a year|\nMore than N50M a year', '', 1, 1, 1, '1468702622', '1466392674'),
(83, 'How important is the income of your partner?', '6', 5, 's', '', 'Not important| Somewhat important| Very important', 0, 1, 1, '1468704209', '1466392746'),
(84, 'How did you hear about us? (Optional)', '6', 6, 'mp', 'Comparison Website|\nOnline Banner|\nWord of Mouth|\nEmail|\nPromotional Offer|\nOnline Article Published Article|\nGoogle|\nOther Search Engine|\nNone of the above', '', 0, 1, 1, '1468707200', '1466392883'),
(85, 'What is your state of origin?', '1', 5, 'mp', 'get_state()', '', 1, 1, 1, '1472997836', '1470440561');

-- --------------------------------------------------------

--
-- Table structure for table `question_category`
--

CREATE TABLE IF NOT EXISTS `question_category` (
  `category_id` int(11) NOT NULL,
  `category_title` varchar(50) NOT NULL,
  `category_description` varchar(500) NOT NULL,
  `category_order` int(11) NOT NULL,
  `category_updated` varchar(50) NOT NULL,
  `category_created` varchar(50) NOT NULL
) ENGINE=InnoDB AUTO_INCREMENT=7 DEFAULT CHARSET=latin1;

--
-- Dumping data for table `question_category`
--

INSERT INTO `question_category` (`category_id`, `category_title`, `category_description`, `category_order`, `category_updated`, `category_created`) VALUES
(1, 'About You', 'Let''s get to know you.', 0, '1468703158', '1452869119'),
(2, 'Your History', 'What have you been up to? ', 0, '1452869119', '1452869119'),
(3, 'Your Qualities', 'Things are about is getting real. Brace yourself for the inquisition.', 0, '1452869119', '1452869119'),
(4, 'Some Other Qualities', 'Hold your horses! We are not done shrinking you...yet.', 0, '1453503337', '1453503337'),
(6, 'Other Details', 'Some final not-so-random stuff we we need to know to make sure you are human *wink wink*', 0, '1468701961', '1468701961');

-- --------------------------------------------------------

--
-- Table structure for table `response_bank`
--

CREATE TABLE IF NOT EXISTS `response_bank` (
  `response_id` int(11) NOT NULL,
  `profile_id` int(11) NOT NULL,
  `category_id` int(11) NOT NULL,
  `question_id` int(11) NOT NULL,
  `question_response` varchar(500) COLLATE utf8_unicode_ci NOT NULL,
  `question_subresponse` varchar(500) COLLATE utf8_unicode_ci NOT NULL,
  `timestamp` int(11) NOT NULL
) ENGINE=MyISAM AUTO_INCREMENT=1171 DEFAULT CHARSET=utf8 COLLATE=utf8_unicode_ci;

--
-- Dumping data for table `response_bank`
--

INSERT INTO `response_bank` (`response_id`, `profile_id`, `category_id`, `question_id`, `question_response`, `question_subresponse`, `timestamp`) VALUES
(1, 1, 1, 5, 'Male', 'Male', 1470921022),
(2, 1, 1, 6, 'Female', 'Female', 1470921022),
(3, 1, 1, 7, 'get_country()', 'AS', 1470921022),
(4, 1, 1, 9, 'get_country()', 'AD', 1470921022),
(5, 1, 1, 10, 'get_country()', 'DZ', 1470921022),
(6, 1, 1, 12, '5', '5', 1470921022),
(7, 1, 1, 13, '5', '5', 1470921022),
(8, 1, 1, 14, 'get_age()', '26-30', 1470921022),
(9, 1, 1, 15, 'get_age()', '26-30', 1470921022),
(10, 1, 1, 16, '6', '6', 1470921022),
(11, 1, 1, 17, 'get_height()', '3-4 feet', 1470921022),
(12, 1, 1, 18, '5', '5', 1470921022),
(13, 1, 1, 19, 'divorced', 'divorced', 1470921022),
(14, 1, 1, 21, '6', '6', 1470921022),
(15, 1, 1, 22, 'I am religious and spiritual', 'I am religious and spiritual', 1470921022),
(16, 1, 1, 23, 'catholic', 'catholic', 1470921022),
(17, 1, 1, 24, 'Anglican', 'Anglican', 1470921022),
(18, 1, 1, 25, '3', '3', 1470921022),
(19, 1, 2, 26, 'Secondary School / Apprenticeship', 'Secondary School / Apprenticeship', 1470921022),
(20, 1, 2, 27, 'Primary Education', 'Primary Education', 1470921022),
(21, 1, 2, 28, '6', '6', 1470921022),
(22, 1, 2, 29, 'Self-employed', 'Self-employed', 1470921022),
(23, 1, 2, 30, '1', 'Lawyer', 1470921022),
(24, 1, 2, 31, '5', '5', 1470921022),
(25, 1, 2, 32, 'Have his/her own business', 'Have his/her own business', 1470921022),
(26, 1, 3, 33, 'Plain', '1', 1470921022),
(27, 1, 3, 33, 'Curvy', '1', 1470921022),
(28, 1, 3, 34, '5', '5', 1470921022),
(29, 1, 3, 37, '4', '4', 1470921022),
(30, 1, 4, 46, 'I''m proud of my education.', '5', 1470921022),
(31, 1, 4, 46, 'I have to be in control of a situation.', '4', 1470921022),
(32, 1, 4, 46, 'I get upset quickly.', '3', 1470921022),
(33, 1, 4, 46, 'I either like or hate new people.', '5', 1470921022),
(34, 1, 4, 46, 'I feel better around others.', '6', 1470921022),
(35, 1, 4, 46, 'I take my anger out on others.', '5', 1470921022),
(36, 1, 4, 46, 'I like to stay fit.', '4', 1470921022),
(37, 1, 4, 46, 'I''m always prepared.', '3', 1470921022),
(38, 1, 4, 46, 'I pay attention to detail.', '4', 1470921022),
(39, 1, 4, 46, 'I always accomplish a lot.', '5', 1470921022),
(40, 1, 4, 46, 'I like a lot of variety.', '6', 1470921022),
(41, 1, 4, 46, 'I have good social skills.', '5', 1470921022),
(42, 1, 4, 46, 'I get easily discouraged.', '4', 1470921022),
(43, 1, 4, 50, '3', 'sadasdasd asdasdasd asdasdasd', 1470921022),
(44, 1, 4, 51, 'Music', '5', 1470921022),
(45, 1, 4, 51, 'Adventure Sports', '4', 1470921022),
(46, 1, 4, 51, 'Fine Food and Dining', '3', 1470921022),
(47, 1, 4, 51, 'Team Sports (Football, Rugby, Cricket etc.)', '2', 1470921022),
(48, 1, 4, 51, 'Arts and Crafts', '1', 1470921022),
(49, 1, 4, 51, 'Racket Sports', '3', 1470921022),
(50, 1, 4, 51, 'Nature / Gardening', '4', 1470921022),
(51, 1, 4, 51, 'Socialising / Clubbing', '5', 1470921022),
(52, 1, 4, 51, 'Philanthropy', '6', 1470921022),
(53, 1, 4, 51, 'Movies / Cinema', '5', 1470921022),
(54, 1, 4, 51, 'Travel', '4', 1470921022),
(55, 1, 4, 51, 'Art', '3', 1470921022),
(56, 1, 4, 51, 'Photography', '2', 1470921022),
(57, 1, 4, 51, 'Sailing / Windsurfing / Water Sports', '1', 1470921022),
(58, 1, 4, 51, 'Literature / Reading', '3', 1470921022),
(59, 1, 4, 51, 'Health and Fitness', '4', 1470921022),
(60, 1, 4, 51, 'Hiking / Climbing', '5', 1470921022),
(61, 1, 4, 52, 'Watching sporting events', '1', 1470921022),
(62, 1, 4, 52, 'Cookery', '1', 1470921022),
(63, 1, 4, 52, 'Cycling', '1', 1470921022),
(64, 1, 4, 55, 'several times a year', 'several times a year', 1470921022),
(65, 1, 4, 56, 'about once a week', 'about once a week', 1470921022),
(66, 1, 4, 57, '4', '4', 1470921022),
(67, 1, 4, 58, 'every day', 'every day', 1470921022),
(68, 1, 4, 59, 'A few times a year', 'A few times a year', 1470921022),
(69, 1, 4, 60, '5', '5', 1470921022),
(70, 1, 4, 61, 'Two children', 'Two children', 1470921022),
(71, 1, 4, 62, 'Yes, definitely', 'Yes, definitely', 1470921022),
(72, 1, 4, 63, 'Yes', 'Yes', 1470921022),
(73, 1, 4, 77, '1', 'Olushola', 1470921022),
(74, 1, 4, 79, '1', 'Surulere, Lagos', 1470921022),
(75, 1, 6, 78, 'White / Caucasian', '1', 1470921022),
(76, 1, 6, 78, 'Indian', '1', 1470921022),
(77, 1, 6, 78, 'Chinese', '1', 1470921022),
(78, 1, 6, 80, 'Within 60 miles/100 km', 'Within 60 miles/100 km', 1470921022),
(79, 1, 6, 81, '5', '5', 1470921022),
(80, 1, 6, 82, 'Between N20m and N 30m a year', 'Between N20m and N 30m a year', 1470921022),
(81, 1, 6, 83, '5', '5', 1470921022),
(82, 1, 6, 84, 'Promotional Offer', 'Promotional Offer', 1470921022),
(83, 2, 1, 5, 'Male', 'Male', 1470921505),
(84, 2, 1, 6, 'Female', 'Female', 1470921505),
(85, 2, 1, 7, 'get_country()', 'AW', 1470921505),
(86, 2, 1, 9, 'get_country()', 'AR', 1470921505),
(87, 2, 1, 10, 'get_country()', 'AW', 1470921505),
(88, 2, 1, 13, '6', '6', 1470921505),
(89, 2, 1, 14, 'get_age()', '46-50', 1470921505),
(90, 2, 1, 15, 'get_age()', '36-40', 1470921505),
(91, 2, 1, 16, '5', '5', 1470921505),
(92, 2, 1, 17, 'get_height()', '4-5 feet', 1470921505),
(93, 2, 1, 18, '3', '3', 1470921505),
(94, 2, 1, 19, 'never been married', 'never been married', 1470921505),
(95, 2, 1, 21, '0', '0', 1470921505),
(96, 2, 1, 22, 'I am religious but not spiritual', 'I am religious but not spiritual', 1470921505),
(97, 2, 1, 23, 'catholic', 'catholic', 1470921505),
(98, 2, 1, 24, 'Pentecostal', 'Pentecostal', 1470921505),
(99, 2, 1, 25, '5', '5', 1470921505),
(100, 2, 2, 26, 'No Education', 'No Education', 1470921505),
(101, 2, 2, 27, 'Primary Education', 'Primary Education', 1470921505),
(102, 2, 2, 28, '1', '1', 1470921505),
(103, 2, 2, 29, 'Paid Employmennt', 'Paid Employmennt', 1470921505),
(104, 2, 2, 30, '1', 'gcghcghcgchg', 1470921505),
(105, 2, 2, 31, '6', '6', 1470921505),
(106, 2, 2, 32, 'I don’t mind either', 'I don’t mind either', 1470921505),
(107, 2, 3, 33, 'Overweight', '1', 1470921505),
(108, 2, 3, 33, 'Plain', '1', 1470921505),
(109, 2, 3, 33, 'Slim', '1', 1470921505),
(110, 2, 3, 33, 'light skinned', '1', 1470921505),
(111, 2, 3, 34, '6', '6', 1470921505),
(112, 2, 3, 37, '5', '5', 1470921505),
(113, 2, 4, 46, 'I''m proud of my education.', '3', 1470921505),
(114, 2, 4, 46, 'I have to be in control of a situation.', '2', 1470921505),
(115, 2, 4, 46, 'I get upset quickly.', '1', 1470921505),
(116, 2, 4, 46, 'I either like or hate new people.', '0', 1470921505),
(117, 2, 4, 46, 'I feel better around others.', '1', 1470921505),
(118, 2, 4, 46, 'I take my anger out on others.', '2', 1470921505),
(119, 2, 4, 46, 'I like to stay fit.', '3', 1470921505),
(120, 2, 4, 46, 'I''m always prepared.', '4', 1470921505),
(121, 2, 4, 46, 'I pay attention to detail.', '5', 1470921505),
(122, 2, 4, 46, 'I always accomplish a lot.', '6', 1470921505),
(123, 2, 4, 46, 'I like a lot of variety.', '5', 1470921505),
(124, 2, 4, 46, 'I have good social skills.', '4', 1470921505),
(125, 2, 4, 46, 'I get easily discouraged.', '3', 1470921505),
(126, 2, 4, 50, '3', 'hgvgh yvygv vghjvgh', 1470921505),
(127, 2, 4, 51, 'Music', '4', 1470921505),
(128, 2, 4, 51, 'Adventure Sports', '3', 1470921505),
(129, 2, 4, 51, 'Fine Food and Dining', '2', 1470921505),
(130, 2, 4, 51, 'Team Sports (Football, Rugby, Cricket etc.)', '1', 1470921505),
(131, 2, 4, 51, 'Arts and Crafts', '0', 1470921505),
(132, 2, 4, 51, 'Theatre / Dance / Opera / Ballet', '1', 1470921505),
(133, 2, 4, 51, 'Racket Sports', '2', 1470921505),
(134, 2, 4, 51, 'Nature / Gardening', '3', 1470921505),
(135, 2, 4, 51, 'Socialising / Clubbing', '4', 1470921505),
(136, 2, 4, 51, 'Philanthropy', '5', 1470921505),
(137, 2, 4, 51, 'Movies / Cinema', '6', 1470921505),
(138, 2, 4, 51, 'Travel', '5', 1470921505),
(139, 2, 4, 51, 'Art', '4', 1470921505),
(140, 2, 4, 51, 'Photography', '3', 1470921505),
(141, 2, 4, 51, 'Sailing / Windsurfing / Water Sports', '2', 1470921505),
(142, 2, 4, 51, 'Literature / Reading', '1', 1470921505),
(143, 2, 4, 51, 'Health and Fitness', '0', 1470921505),
(144, 2, 4, 51, 'Hiking / Climbing', '1', 1470921505),
(145, 2, 4, 52, 'Spending time with family', '1', 1470921505),
(146, 2, 4, 52, 'Spending time with friends', '1', 1470921505),
(147, 2, 4, 52, 'Spending time outdoors', '1', 1470921505),
(148, 2, 4, 52, 'Spending time indoors', '1', 1470921505),
(149, 2, 4, 55, 'about once a week', 'about once a week', 1470921505),
(150, 2, 4, 56, 'several times a year', 'several times a year', 1470921505),
(151, 2, 4, 57, '3', '3', 1470921505),
(152, 2, 4, 58, 'Never', 'Never', 1470921505),
(153, 2, 4, 59, 'A few times a year', 'A few times a year', 1470921505),
(154, 2, 4, 60, '2', '2', 1470921505),
(155, 2, 4, 61, 'I have none', 'I have none', 1470921505),
(156, 2, 4, 62, 'Maybe', 'Maybe', 1470921505),
(157, 2, 4, 63, 'No', 'No', 1470921505),
(158, 2, 4, 77, '1', 'hvbhjvjgvg vgvhvhg uyvkyuk', 1470921505),
(159, 2, 4, 79, '1', 'hhvh vhvh uvgh', 1470921505),
(160, 2, 6, 78, 'Black / African / Carib', '1', 1470921505),
(161, 2, 6, 78, 'White / Caucasian', '1', 1470921505),
(162, 2, 6, 78, 'Pakistani', '1', 1470921505),
(163, 2, 6, 78, 'Japanese', '1', 1470921505),
(164, 2, 6, 80, 'Within 300 miles/500 km', 'Within 300 miles/500 km', 1470921505),
(165, 2, 6, 81, '2', '2', 1470921505),
(166, 2, 6, 82, 'Less than N5m a year', 'Less than N5m a year', 1470921505),
(167, 2, 6, 83, '1', '1', 1470921505),
(168, 2, 6, 84, 'Comparison Website', 'Comparison Website', 1470921505),
(169, 3, 1, 5, 'Female', 'Female', 1471353619),
(170, 3, 1, 6, 'Male', 'Male', 1471353619),
(171, 3, 1, 7, 'get_country()', 'NG', 1471354167),
(172, 3, 1, 8, 'get_state()', 'NG', 1471354167),
(173, 3, 1, 9, 'get_country()', 'NG', 1471354167),
(174, 3, 1, 9, 'get_country()', 'NG', 1471354167),
(175, 3, 1, 9, 'get_country()', 'US', 1471354167),
(176, 3, 1, 10, 'get_country()', 'NG', 1471354167),
(177, 3, 1, 11, 'get_state()', 'NG', 1471354167),
(178, 3, 1, 12, '1', '1', 1471354167),
(179, 3, 1, 13, '4', '4', 1471354167),
(180, 3, 1, 14, 'get_age()', '31-35', 1471354167),
(181, 3, 1, 15, 'get_age()', '36-40', 1471354167),
(182, 3, 1, 16, '5', '5', 1471354167),
(183, 3, 1, 17, 'get_height()', '5-6 feet', 1471354167),
(184, 3, 1, 18, '5', '5', 1471354167),
(185, 3, 1, 19, 'never been married', 'never been married', 1471354167),
(186, 3, 1, 21, '4', '4', 1471354167),
(187, 3, 1, 22, 'I am religious and spiritual', 'I am religious and spiritual', 1471354167),
(188, 3, 1, 23, 'Pentecostal', 'Pentecostal', 1471354167),
(189, 3, 1, 24, 'Pentecostal', 'Pentecostal', 1471354167),
(190, 3, 1, 25, '6', '6', 1471354167),
(191, 3, 2, 26, 'Bachelor''s Degree', 'Bachelor''s Degree', 1471354167),
(192, 3, 2, 27, 'Bachelor''s Degree', 'Bachelor''s Degree', 1471354167),
(193, 3, 2, 28, '6', '6', 1471354167),
(194, 3, 2, 29, 'Paid Employmennt', 'Paid Employmennt', 1471354167),
(195, 3, 2, 30, '1', 'Finance', 1471354167),
(196, 3, 2, 31, '5', '5', 1471354167),
(197, 3, 2, 32, 'I don’t mind either', 'I don’t mind either', 1471354167),
(198, 3, 3, 33, 'Attractive', '1', 1471354167),
(199, 3, 3, 33, 'Overweight', '1', 1471354167),
(200, 3, 3, 33, 'Curvy', '1', 1471354167),
(201, 3, 3, 33, 'dark skinned', '1', 1471354167),
(202, 3, 3, 34, '4', '4', 1471354167),
(203, 3, 3, 37, '4', '4', 1471354167),
(204, 3, 4, 46, 'I''m proud of my education.', '6', 1471354167),
(205, 3, 4, 46, 'I have to be in control of a situation.', '3', 1471354167),
(206, 3, 4, 46, 'I get upset quickly.', '4', 1471354167),
(207, 3, 4, 46, 'I either like or hate new people.', '3', 1471354167),
(208, 3, 4, 46, 'I feel better around others.', '2', 1471354167),
(209, 3, 4, 46, 'I take my anger out on others.', '1', 1471354167),
(210, 3, 4, 46, 'I like to stay fit.', '4', 1471354167),
(211, 3, 4, 46, 'I''m always prepared.', '4', 1471354167),
(212, 3, 4, 46, 'I pay attention to detail.', '4', 1471354167),
(213, 3, 4, 46, 'I always accomplish a lot.', '5', 1471354167),
(214, 3, 4, 46, 'I like a lot of variety.', '5', 1471354167),
(215, 3, 4, 46, 'I have good social skills.', '4', 1471354167),
(216, 3, 4, 46, 'I get easily discouraged.', '1', 1471354167),
(217, 3, 4, 50, '3', 'Life, Health and purpose', 1471354167),
(218, 3, 4, 51, 'Music', '4', 1471354167),
(219, 3, 4, 51, 'Adventure Sports', '2', 1471354167),
(220, 3, 4, 51, 'Fine Food and Dining', '3', 1471354167),
(221, 3, 4, 51, 'Team Sports (Football, Rugby, Cricket etc.)', '1', 1471354167),
(222, 3, 4, 51, 'Arts and Crafts', '5', 1471354167),
(223, 3, 4, 51, 'Theatre / Dance / Opera / Ballet', '5', 1471354167),
(224, 3, 4, 51, 'Racket Sports', '1', 1471354167),
(225, 3, 4, 51, 'Nature / Gardening', '3', 1471354167),
(226, 3, 4, 51, 'Socialising / Clubbing', '1', 1471354167),
(227, 3, 4, 51, 'Philanthropy', '5', 1471354167),
(228, 3, 4, 51, 'Movies / Cinema', '4', 1471354167),
(229, 3, 4, 51, 'Travel', '5', 1471354167),
(230, 3, 4, 51, 'Art', '5', 1471354167),
(231, 3, 4, 51, 'Photography', '5', 1471354167),
(232, 3, 4, 51, 'Sailing / Windsurfing / Water Sports', '1', 1471354167),
(233, 3, 4, 51, 'Literature / Reading', '4', 1471354167),
(234, 3, 4, 51, 'Health and Fitness', '4', 1471354167),
(235, 3, 4, 51, 'Hiking / Climbing', '2', 1471354167),
(236, 3, 4, 52, 'Spending time indoors', '1', 1471354167),
(237, 3, 4, 52, 'Participation in the religious activities', '1', 1471354167),
(238, 3, 4, 52, 'Personal development', '1', 1471354167),
(239, 3, 4, 52, 'Charity work', '1', 1471354167),
(240, 3, 4, 52, 'Cycling', '1', 1471354167),
(241, 3, 4, 52, 'Running / Jogging', '1', 1471354167),
(242, 3, 4, 52, 'Politics / Current Affairs', '1', 1471354167),
(243, 3, 4, 55, 'Never', 'Never', 1471354167),
(244, 3, 4, 56, 'several times a year', 'several times a year', 1471354167),
(245, 3, 4, 57, '6', '6', 1471354167),
(246, 3, 4, 58, 'A few times a year', 'A few times a year', 1471354167),
(247, 3, 4, 59, 'A few times a year', 'A few times a year', 1471354167),
(248, 3, 4, 60, '6', '6', 1471354167),
(249, 3, 4, 61, 'I have none', 'I have none', 1471354167),
(250, 3, 4, 62, 'Yes, definitely', 'Yes, definitely', 1471354167),
(251, 3, 4, 63, 'Yes', 'Yes', 1471354167),
(252, 3, 4, 77, '1', 'Funke', 1471354167),
(253, 3, 4, 79, '1', 'Lekki', 1471354167),
(254, 3, 6, 78, 'Black / African / Carib', '1', 1471354167),
(255, 3, 6, 78, 'White / Caucasian', '1', 1471354167),
(256, 3, 6, 78, 'No Preference', '1', 1471354167),
(257, 3, 6, 80, 'Anywhere in the world!', 'Anywhere in the world!', 1471354167),
(258, 3, 6, 81, '3', '3', 1471354167),
(259, 3, 6, 82, 'Between N5m and N 10m a year', 'Between N5m and N 10m a year', 1471354167),
(260, 3, 6, 83, '5', '5', 1471354167),
(261, 3, 6, 84, 'Word of Mouth', 'Word of Mouth', 1471354167),
(262, 4, 1, 5, 'Male', 'Male', 1471709235),
(263, 4, 1, 6, 'Female', 'Female', 1471709235),
(264, 4, 1, 7, 'get_country()', 'AT', 1471709235),
(265, 4, 1, 9, 'get_country()', 'BS', 1471709235),
(266, 4, 1, 10, 'get_country()', 'AU', 1471709235),
(267, 4, 1, 13, '6', '6', 1471709235),
(268, 4, 1, 14, 'get_age()', '36-40', 1471709235),
(269, 4, 1, 15, 'get_age()', '46-50', 1471709235),
(270, 4, 1, 16, '0', '0', 1471709235),
(271, 4, 1, 17, 'get_height()', '4-5 feet', 1471709235),
(272, 4, 1, 18, '3', '3', 1471709235),
(273, 4, 1, 19, 'never been married', 'never been married', 1471709235),
(274, 4, 1, 21, '4', '4', 1471709235),
(275, 4, 1, 22, 'I am religious but not spiritual', 'I am religious but not spiritual', 1471709235),
(276, 4, 1, 23, 'catholic', 'catholic', 1471709235),
(277, 4, 1, 24, 'Muslim', 'Muslim', 1471709235),
(278, 4, 1, 25, '3', '3', 1471709235),
(279, 4, 2, 26, 'Primary Education', 'Primary Education', 1471709235),
(280, 4, 2, 27, 'No Education', 'No Education', 1471709235),
(281, 4, 2, 28, '3', '3', 1471709235),
(282, 4, 2, 29, 'Paid Employmennt', 'Paid Employmennt', 1471709235),
(283, 4, 2, 30, '1', 'ffrfshsr', 1471709235),
(284, 4, 2, 31, '0', '0', 1471709235),
(285, 4, 2, 32, 'Work in a corporate environment', 'Work in a corporate environment', 1471709235),
(286, 4, 3, 33, 'Trendy', '1', 1471709235),
(287, 4, 3, 33, 'Attractive', '1', 1471709235),
(288, 4, 3, 33, 'Plain', '1', 1471709235),
(289, 4, 3, 33, 'light skinned', '1', 1471709235),
(290, 4, 3, 34, '4', '4', 1471709235),
(291, 4, 3, 37, '1', '1', 1471709235),
(292, 4, 4, 46, 'I''m proud of my education.', '3', 1471709235),
(293, 4, 4, 46, 'I have to be in control of a situation.', '2', 1471709235),
(294, 4, 4, 46, 'I get upset quickly.', '1', 1471709235),
(295, 4, 4, 46, 'I either like or hate new people.', '0', 1471709235),
(296, 4, 4, 46, 'I feel better around others.', '6', 1471709235),
(297, 4, 4, 46, 'I take my anger out on others.', '5', 1471709235),
(298, 4, 4, 46, 'I like to stay fit.', '4', 1471709235),
(299, 4, 4, 46, 'I''m always prepared.', '3', 1471709235),
(300, 4, 4, 46, 'I pay attention to detail.', '2', 1471709235),
(301, 4, 4, 46, 'I always accomplish a lot.', '1', 1471709235),
(302, 4, 4, 46, 'I like a lot of variety.', '0', 1471709235),
(303, 4, 4, 46, 'I have good social skills.', '1', 1471709235),
(304, 4, 4, 46, 'I get easily discouraged.', '2', 1471709235),
(305, 4, 4, 50, '3', 'advvdavda', 1471709235),
(306, 4, 4, 51, 'Music', '0', 1471709235),
(307, 4, 4, 51, 'Adventure Sports', '1', 1471709235),
(308, 4, 4, 51, 'Fine Food and Dining', '2', 1471709235),
(309, 4, 4, 51, 'Team Sports (Football, Rugby, Cricket etc.)', '3', 1471709235),
(310, 4, 4, 51, 'Arts and Crafts', '4', 1471709235),
(311, 4, 4, 51, 'Theatre / Dance / Opera / Ballet', '5', 1471709235),
(312, 4, 4, 51, 'Racket Sports', '6', 1471709235),
(313, 4, 4, 51, 'Nature / Gardening', '5', 1471709235),
(314, 4, 4, 51, 'Socialising / Clubbing', '4', 1471709235),
(315, 4, 4, 51, 'Philanthropy', '3', 1471709235),
(316, 4, 4, 51, 'Movies / Cinema', '2', 1471709235),
(317, 4, 4, 51, 'Travel', '1', 1471709235),
(318, 4, 4, 51, 'Art', '0', 1471709235),
(319, 4, 4, 51, 'Photography', '1', 1471709235),
(320, 4, 4, 51, 'Sailing / Windsurfing / Water Sports', '2', 1471709235),
(321, 4, 4, 51, 'Literature / Reading', '3', 1471709235),
(322, 4, 4, 51, 'Health and Fitness', '4', 1471709235),
(323, 4, 4, 51, 'Hiking / Climbing', '5', 1471709235),
(324, 4, 4, 52, 'Spending time with friends', '1', 1471709235),
(325, 4, 4, 52, 'Spending time indoors', '1', 1471709235),
(326, 4, 4, 52, 'Participation in the religious activities', '1', 1471709235),
(327, 4, 4, 52, 'Science / Technology', '1', 1471709235),
(328, 4, 4, 55, 'about once a week', 'about once a week', 1471709235),
(329, 4, 4, 56, 'several times a year', 'several times a year', 1471709235),
(330, 4, 4, 57, '2', '2', 1471709235),
(331, 4, 4, 58, 'Never', 'Never', 1471709235),
(332, 4, 4, 59, 'A few times a year', 'A few times a year', 1471709235),
(333, 4, 4, 60, '0', '0', 1471709235),
(334, 4, 4, 61, 'Two children', 'Two children', 1471709235),
(335, 4, 4, 62, 'No thank you', 'No thank you', 1471709235),
(336, 4, 4, 63, 'Yes', 'Yes', 1471709235),
(337, 4, 4, 77, '1', 'davdavd dvvdad dava', 1471709235),
(338, 4, 4, 79, '1', 'scsvsdada', 1471709235),
(339, 4, 6, 78, 'Black / African / Carib', '1', 1471709235),
(340, 4, 6, 78, 'White / Caucasian', '1', 1471709235),
(341, 4, 6, 78, 'Japanese', '1', 1471709235),
(342, 4, 6, 78, 'Arabic / Middle Eastern', '1', 1471709235),
(343, 4, 6, 80, 'Within 60 miles/100 km', 'Within 60 miles/100 km', 1471709235),
(344, 4, 6, 81, '3', '3', 1471709235),
(345, 4, 6, 82, 'Less than N5m a year', 'Less than N5m a year', 1471709235),
(346, 4, 6, 83, '3', '3', 1471709235),
(347, 4, 6, 84, 'Comparison Website', 'Comparison Website', 1471709235),
(348, 13, 1, 5, 'Male', 'Male', 1473014414),
(349, 13, 1, 6, 'Female', 'Female', 1473014414),
(350, 13, 1, 7, 'get_country()', 'NE', 1473014414),
(351, 13, 1, 9, 'get_country()', 'NG', 1473014414),
(352, 13, 1, 85, 'get_state()', 'BD', 1473014414),
(353, 13, 1, 10, 'get_country()', 'BB', 1473014414),
(354, 13, 1, 12, '4', '4', 1473014414),
(355, 13, 1, 13, '5', '5', 1473014414),
(356, 13, 1, 14, 'get_age()', '28-30', 1473014414),
(357, 13, 1, 15, 'get_age()', '31-35', 1473014414),
(358, 13, 1, 16, '4', '4', 1473014414),
(359, 13, 1, 17, 'get_height()', '3-4 feet', 1473014414),
(360, 13, 1, 18, '4', '4', 1473014414),
(361, 13, 1, 19, 'never been married but with kids', 'never been married but with kids', 1473014414),
(362, 13, 1, 19, 'never been married but with kids', 'never been married but with kids', 1473014414),
(363, 13, 1, 20, '1', 'ggjjfgf', 1473014414),
(364, 13, 1, 21, '6', '6', 1473014414),
(365, 13, 1, 22, 'I am spiritual but not religious', 'I am spiritual but not religious', 1473014414),
(366, 13, 1, 23, 'Pentecostal', 'Pentecostal', 1473014414),
(367, 13, 1, 24, 'catholic', 'catholic', 1473014414),
(368, 13, 1, 25, '4', '4', 1473014414),
(369, 13, 2, 26, 'Doctorate', 'Doctorate', 1473014414),
(370, 13, 2, 27, 'Primary Education', 'Primary Education', 1473014414),
(371, 13, 2, 28, '5', '5', 1473014414),
(372, 13, 2, 29, 'Paid Employmennt', 'Paid Employmennt', 1473014414),
(373, 13, 2, 30, '1', 'gjgfjfxjgxf', 1473014414),
(374, 13, 2, 31, '6', '6', 1473014414),
(375, 13, 2, 32, 'Have his/her own business', 'Have his/her own business', 1473014414),
(376, 13, 3, 33, 'Attractive', '1', 1473014414),
(377, 13, 3, 33, 'Athletic', '1', 1473014414),
(378, 13, 3, 33, 'Curvy', '1', 1473014414),
(379, 13, 3, 34, '6', '6', 1473014414),
(380, 13, 3, 37, '5', '5', 1473014414),
(381, 13, 4, 46, 'I''m proud of my education.', '4', 1473014414),
(382, 13, 4, 46, 'I have to be in control of a situation.', '3', 1473014414),
(383, 13, 4, 46, 'I get upset quickly.', '4', 1473014414),
(384, 13, 4, 46, 'I either like or hate new people.', '5', 1473014414),
(385, 13, 4, 46, 'I feel better around others.', '4', 1473014414),
(386, 13, 4, 46, 'I take my anger out on others.', '3', 1473014414),
(387, 13, 4, 46, 'I like to stay fit.', '2', 1473014414),
(388, 13, 4, 46, 'I''m always prepared.', '1', 1473014414),
(389, 13, 4, 46, 'I always accomplish a lot.', '1', 1473014414),
(390, 13, 4, 46, 'I like a lot of variety.', '2', 1473014414),
(391, 13, 4, 46, 'I have good social skills.', '3', 1473014414),
(392, 13, 4, 46, 'I get easily discouraged.', '4', 1473014414),
(393, 13, 4, 50, '3', 'gfmfgmcmgfxm', 1473014414),
(394, 13, 4, 51, 'Music', '3', 1473014414),
(395, 13, 4, 51, 'Adventure Sports', '2', 1473014414),
(396, 13, 4, 51, 'Team Sports (Football, Rugby, Cricket etc.)', '1', 1473014414),
(397, 13, 4, 51, 'Arts and Crafts', '2', 1473014414),
(398, 13, 4, 51, 'Theatre / Dance / Opera / Ballet', '3', 1473014414),
(399, 13, 4, 51, 'Racket Sports', '4', 1473014414),
(400, 13, 4, 51, 'Nature / Gardening', '5', 1473014414),
(401, 13, 4, 51, 'Socialising / Clubbing', '6', 1473014414),
(402, 13, 4, 51, 'Philanthropy', '5', 1473014414),
(403, 13, 4, 51, 'Movies / Cinema', '4', 1473014414),
(404, 13, 4, 51, 'Travel', '3', 1473014414),
(405, 13, 4, 51, 'Art', '2', 1473014414),
(406, 13, 4, 51, 'Photography', '1', 1473014414),
(407, 13, 4, 51, 'Literature / Reading', '1', 1473014414),
(408, 13, 4, 51, 'Health and Fitness', '2', 1473014414),
(409, 13, 4, 51, 'Hiking / Climbing', '3', 1473014414),
(410, 13, 4, 52, 'Spending time outdoors', '1', 1473014414),
(411, 13, 4, 52, 'Science / Technology', '1', 1473014414),
(412, 13, 4, 55, 'about once a week', 'about once a week', 1473014414),
(413, 13, 4, 56, 'several times a year', 'several times a year', 1473014414),
(414, 13, 4, 57, '0', '0', 1473014414),
(415, 13, 4, 58, 'A few times a year', 'A few times a year', 1473014414),
(416, 13, 4, 59, 'about once a week', 'about once a week', 1473014414),
(417, 13, 4, 60, '6', '6', 1473014414),
(418, 13, 4, 61, 'Three or more children', 'Three or more children', 1473014414),
(419, 13, 4, 62, 'Maybe', 'Maybe', 1473014414),
(420, 13, 4, 63, 'Yes', 'Yes', 1473014414),
(421, 13, 4, 77, '1', 'gjmgcmgmcg', 1473014414),
(422, 13, 4, 79, '1', 'gfxmxfgmfx', 1473014414),
(423, 13, 6, 78, 'White / Caucasian', '1', 1473014414),
(424, 13, 6, 78, 'Indian', '1', 1473014414),
(425, 13, 6, 78, 'Arabic / Middle Eastern', '1', 1473014414),
(426, 13, 6, 80, 'Within 300 miles/500 km', 'Within 300 miles/500 km', 1473014414),
(427, 13, 6, 81, '3', '3', 1473014414),
(428, 13, 6, 82, 'Less than N5m a year', 'Less than N5m a year', 1473014414),
(429, 13, 6, 83, '4', '4', 1473014414),
(430, 13, 6, 84, 'Online Article Published Article', 'Online Article Published Article', 1473014414),
(431, 14, 1, 5, 'Male', 'Male', 1476853502),
(432, 14, 1, 6, 'Female', 'Female', 1476853502),
(433, 14, 1, 7, 'get_country()', 'AS', 1476853502),
(434, 14, 1, 9, 'get_country()', 'NG', 1476853502),
(435, 14, 1, 85, 'get_state()', 'AZ', 1476853502),
(436, 14, 1, 10, 'get_country()', 'NG', 1476853502),
(437, 14, 1, 11, 'get_state()', 'BS', 1476853502),
(438, 14, 1, 12, '6', '6', 1476853502),
(439, 14, 1, 13, '0', '0', 1476853502),
(440, 14, 1, 14, 'get_age()', '36-40', 1476853502),
(441, 14, 1, 15, 'get_age()', '41-45', 1476853502),
(442, 14, 1, 16, '5', '5', 1476853502),
(443, 14, 1, 17, 'get_height()', '4-5 feet', 1476853502),
(444, 14, 1, 18, '0', '0', 1476853502),
(445, 14, 1, 19, 'never been married', 'never been married', 1476853502),
(446, 14, 1, 21, '5', '5', 1476853502),
(447, 14, 1, 22, 'I am religious but not spiritual', 'I am religious but not spiritual', 1476853502),
(448, 14, 1, 23, 'catholic', 'catholic', 1476853502),
(449, 14, 1, 24, 'Pentecostal', 'Pentecostal', 1476853502),
(450, 14, 1, 25, '0', '0', 1476853502),
(451, 14, 2, 26, 'Secondary School / Apprenticeship', 'Secondary School / Apprenticeship', 1476853502),
(452, 14, 2, 27, 'No Education', 'No Education', 1476853502),
(453, 14, 2, 28, '1', '1', 1476853502),
(454, 14, 2, 29, 'Paid Employmennt', 'Paid Employmennt', 1476853502),
(455, 14, 2, 30, '1', 'fndfnmfxmfdx', 1476853502),
(456, 14, 2, 31, '0', '0', 1476853502),
(457, 14, 2, 32, 'Have his/her own business', 'Have his/her own business', 1476853502),
(458, 14, 3, 33, 'Trendy', '1', 1476853502),
(459, 14, 3, 33, 'Attractive', '1', 1476853502),
(460, 14, 3, 33, 'Athletic', '1', 1476853502),
(461, 14, 3, 33, 'Overweight', '1', 1476853502),
(462, 14, 3, 34, '6', '6', 1476853502),
(463, 14, 3, 37, '5', '5', 1476853502),
(464, 14, 4, 46, 'I''m proud of my education.', '6', 1476853502),
(465, 14, 4, 46, 'I have to be in control of a situation.', '2', 1476853502),
(466, 14, 4, 46, 'I get upset quickly.', '3', 1476853502),
(467, 14, 4, 46, 'I either like or hate new people.', '4', 1476853502),
(468, 14, 4, 46, 'I feel better around others.', '5', 1476853502),
(469, 14, 4, 46, 'I take my anger out on others.', '6', 1476853502),
(470, 14, 4, 46, 'I''m always prepared.', '1', 1476853502),
(471, 14, 4, 46, 'I pay attention to detail.', '2', 1476853502),
(472, 14, 4, 46, 'I always accomplish a lot.', '3', 1476853502),
(473, 14, 4, 46, 'I like a lot of variety.', '4', 1476853502),
(474, 14, 4, 46, 'I have good social skills.', '5', 1476853502),
(475, 14, 4, 46, 'I get easily discouraged.', '6', 1476853502),
(476, 14, 4, 50, '3', 'fdnn esths stssth stsrhrs', 1476853502),
(477, 14, 4, 51, 'Music', '6', 1476853502),
(478, 14, 4, 51, 'Fine Food and Dining', '1', 1476853502),
(479, 14, 4, 51, 'Team Sports (Football, Rugby, Cricket etc.)', '2', 1476853502),
(480, 14, 4, 51, 'Arts and Crafts', '3', 1476853502),
(481, 14, 4, 51, 'Theatre / Dance / Opera / Ballet', '4', 1476853502),
(482, 14, 4, 51, 'Racket Sports', '5', 1476853502),
(483, 14, 4, 51, 'Nature / Gardening', '6', 1476853502),
(484, 14, 4, 51, 'Socialising / Clubbing', '5', 1476853502),
(485, 14, 4, 51, 'Philanthropy', '4', 1476853502),
(486, 14, 4, 51, 'Movies / Cinema', '3', 1476853502),
(487, 14, 4, 51, 'Travel', '2', 1476853502),
(488, 14, 4, 51, 'Art', '1', 1476853502),
(489, 14, 4, 51, 'Sailing / Windsurfing / Water Sports', '1', 1476853502),
(490, 14, 4, 51, 'Literature / Reading', '2', 1476853502),
(491, 14, 4, 51, 'Health and Fitness', '3', 1476853502),
(492, 14, 4, 51, 'Hiking / Climbing', '4', 1476853502),
(493, 14, 4, 52, 'Participation in the religious activities', '1', 1476853502),
(494, 14, 4, 52, 'Charity work', '1', 1476853502),
(495, 14, 4, 52, 'Watching sporting events', '1', 1476853502),
(496, 14, 4, 52, 'House keeping', '1', 1476853502),
(497, 14, 4, 52, 'Swimming', '1', 1476853502),
(498, 14, 4, 55, 'Never', 'Never', 1476853502),
(499, 14, 4, 56, 'several times a year', 'several times a year', 1476853502),
(500, 14, 4, 57, '0', '0', 1476853502),
(501, 14, 4, 58, 'Never', 'Never', 1476853502),
(502, 14, 4, 59, 'A few times a year', 'A few times a year', 1476853502),
(503, 14, 4, 60, '5', '5', 1476853502),
(504, 14, 4, 61, 'I have none', 'I have none', 1476853502),
(505, 14, 4, 62, 'Maybe', 'Maybe', 1476853502),
(506, 14, 4, 63, 'Yes', 'Yes', 1476853502),
(507, 14, 4, 77, '1', 'vnf fxgxmgx', 1476853502),
(508, 14, 4, 79, '1', 'fnzdfnd srehs thsrth', 1476853502),
(509, 14, 6, 78, 'White / Caucasian', '1', 1476853502),
(510, 14, 6, 78, 'Indian', '1', 1476853502),
(511, 14, 6, 78, 'Pakistani', '1', 1476853502),
(512, 14, 6, 78, 'Japanese', '1', 1476853502),
(513, 14, 6, 80, 'Within 300 miles/500 km', 'Within 300 miles/500 km', 1476853502),
(514, 14, 6, 81, '4', '4', 1476853502),
(515, 14, 6, 82, 'Less than N5m a year', 'Less than N5m a year', 1476853502),
(516, 14, 6, 83, '3', '3', 1476853502),
(517, 14, 6, 84, 'Comparison Website', 'Comparison Website', 1476853502),
(518, 20, 1, 5, 'Male', 'Male', 1477912712),
(519, 20, 1, 6, 'Female', 'Female', 1477912712),
(520, 20, 1, 7, 'get_country()', 'AW', 1477912712),
(521, 20, 1, 9, 'get_country()', 'AU', 1477912712),
(522, 20, 1, 10, 'get_country()', 'AU', 1477912712),
(523, 20, 1, 12, '3', '3', 1477912712),
(524, 20, 1, 13, '0', '0', 1477912712),
(525, 20, 1, 14, 'get_age()', '31-35', 1477912712),
(526, 20, 1, 15, 'get_age()', '31-35', 1477912712),
(527, 20, 1, 16, '3', '3', 1477912712),
(528, 20, 1, 17, 'get_height()', '4-5 feet', 1477912712),
(529, 20, 1, 18, '5', '5', 1477912712),
(530, 20, 1, 19, 'divorced', 'divorced', 1477912712),
(531, 20, 1, 21, '1', '1', 1477912712),
(532, 20, 1, 22, 'I am religious but not spiritual', 'I am religious but not spiritual', 1477912712),
(533, 20, 1, 23, 'catholic', 'catholic', 1477912712),
(534, 20, 1, 24, 'Pentecostal', 'Pentecostal', 1477912712),
(535, 20, 1, 25, '0', '0', 1477912712),
(536, 20, 2, 26, 'Secondary School / Apprenticeship', 'Secondary School / Apprenticeship', 1477912712),
(537, 20, 2, 27, 'Primary Education', 'Primary Education', 1477912712),
(538, 20, 2, 28, '1', '1', 1477912712),
(539, 20, 2, 29, 'Paid Employmennt', 'Paid Employmennt', 1477912712),
(540, 20, 2, 30, '1', 'kuyvyufyu  uyufkfy', 1477912712),
(541, 20, 2, 31, '2', '2', 1477912712),
(542, 20, 2, 32, 'Work in a corporate environment', 'Work in a corporate environment', 1477912712),
(543, 20, 3, 33, 'Trendy', '1', 1477912712),
(544, 20, 3, 33, 'Attractive', '1', 1477912712),
(545, 20, 3, 33, 'Overweight', '1', 1477912712),
(546, 20, 3, 33, 'dark skinned', '1', 1477912712),
(547, 20, 3, 34, '2', '2', 1477912712),
(548, 20, 3, 37, '1', '1', 1477912712),
(549, 20, 4, 46, 'I''m proud of my education.', '5', 1477912712),
(550, 20, 4, 46, 'I have to be in control of a situation.', '6', 1477912712),
(551, 20, 4, 46, 'I get upset quickly.', '4', 1477912712),
(552, 20, 4, 46, 'I either like or hate new people.', '1', 1477912712),
(553, 20, 4, 46, 'I feel better around others.', '1', 1477912712),
(554, 20, 4, 46, 'I take my anger out on others.', '2', 1477912712),
(555, 20, 4, 46, 'I like to stay fit.', '3', 1477912712),
(556, 20, 4, 46, 'I''m always prepared.', '4', 1477912712),
(557, 20, 4, 46, 'I pay attention to detail.', '5', 1477912712),
(558, 20, 4, 46, 'I always accomplish a lot.', '6', 1477912712),
(559, 20, 4, 46, 'I have good social skills.', '1', 1477912712),
(560, 20, 4, 46, 'I get easily discouraged.', '2', 1477912712),
(561, 20, 4, 50, '3', 'fdndff arg ergeag', 1477912712),
(562, 20, 4, 51, 'Adventure Sports', '1', 1477912712),
(563, 20, 4, 51, 'Fine Food and Dining', '2', 1477912712),
(564, 20, 4, 51, 'Team Sports (Football, Rugby, Cricket etc.)', '6', 1477912712),
(565, 20, 4, 51, 'Arts and Crafts', '5', 1477912712),
(566, 20, 4, 51, 'Theatre / Dance / Opera / Ballet', '4', 1477912712),
(567, 20, 4, 51, 'Racket Sports', '2', 1477912712),
(568, 20, 4, 51, 'Nature / Gardening', '1', 1477912712),
(569, 20, 4, 51, 'Socialising / Clubbing', '', 1477912712),
(570, 20, 4, 51, 'Philanthropy', '1', 1477912712),
(571, 20, 4, 51, 'Movies / Cinema', '2', 1477912712),
(572, 20, 4, 51, 'Travel', '3', 1477912712),
(573, 20, 4, 51, 'Art', '4', 1477912712),
(574, 20, 4, 51, 'Photography', '5', 1477912712),
(575, 20, 4, 51, 'Sailing / Windsurfing / Water Sports', '6', 1477912712),
(576, 20, 4, 51, 'Literature / Reading', '3', 1477912712),
(577, 20, 4, 51, 'Health and Fitness', '2', 1477912712),
(578, 20, 4, 51, 'Hiking / Climbing', '1', 1477912712),
(579, 20, 4, 52, 'Spending time with family', '1', 1477912712),
(580, 20, 4, 52, 'Spending time with friends', '1', 1477912712),
(581, 20, 4, 52, 'Spending time outdoors', '1', 1477912712),
(582, 20, 4, 52, 'Cycling', '1', 1477912712),
(583, 20, 4, 55, 'Never', 'Never', 1477912712),
(584, 20, 4, 56, 'several times a year', 'several times a year', 1477912712),
(585, 20, 4, 57, '1', '1', 1477912712),
(586, 20, 4, 58, 'Never', 'Never', 1477912712),
(587, 20, 4, 59, 'Never', 'Never', 1477912712),
(588, 20, 4, 60, '3', '3', 1477912712),
(589, 20, 4, 61, 'I have none', 'I have none', 1477912712),
(590, 20, 4, 62, 'Maybe', 'Maybe', 1477912712),
(591, 20, 4, 63, 'Yes', 'Yes', 1477912712),
(592, 20, 4, 77, '1', 'dfnfdn efbbf', 1477912712),
(593, 20, 4, 79, '1', 'dddsv dfdv', 1477912712),
(594, 20, 6, 78, 'Black / African / Carib', '1', 1477912712),
(595, 20, 6, 78, 'White / Caucasian', '1', 1477912712),
(596, 20, 6, 78, 'Chinese', '1', 1477912712),
(597, 20, 6, 78, 'Arabic / Middle Eastern', '1', 1477912712),
(598, 20, 6, 80, 'Within 60 miles/100 km', 'Within 60 miles/100 km', 1477912712),
(599, 20, 6, 81, '3', '3', 1477912712),
(600, 20, 6, 82, 'Less than N5m a year', 'Less than N5m a year', 1477912712),
(601, 20, 6, 83, '3', '3', 1477912712),
(602, 20, 6, 84, 'Email', 'Email', 1477912712),
(603, 30, 1, 5, 'Male', 'Male', 1479457060),
(604, 30, 1, 6, 'Female', 'Female', 1479457060),
(605, 30, 1, 7, 'get_country()', 'BS', 1479457060),
(606, 30, 1, 9, 'get_country()', 'AZ', 1479457060),
(607, 30, 1, 10, 'get_country()', 'AZ', 1479457060),
(608, 30, 1, 12, '6', '6', 1479457060),
(609, 30, 1, 13, '5', '5', 1479457060),
(610, 30, 1, 14, 'get_age()', '28-30', 1479457060),
(611, 30, 1, 15, 'get_age()', 'Not Important', 1479457060),
(612, 30, 1, 16, '0', '0', 1479457060),
(613, 30, 1, 17, 'get_height()', '3-4 feet', 1479457060),
(614, 30, 1, 18, '6', '6', 1479457060),
(615, 30, 1, 19, 'separated', 'separated', 1479457060),
(616, 30, 1, 21, '4', '4', 1479457060),
(617, 30, 1, 22, 'I am spiritual but not religious', 'I am spiritual but not religious', 1479457060),
(618, 30, 1, 23, 'Muslim', 'Muslim', 1479457060),
(619, 30, 1, 24, 'Muslim', 'Muslim', 1479457060),
(620, 30, 1, 25, '1', '1', 1479457060),
(621, 30, 2, 26, 'Master''s Degree', 'Master''s Degree', 1479457060),
(622, 30, 2, 27, 'Secondary School / Apprenticeship', 'Secondary School / Apprenticeship', 1479457060),
(623, 30, 2, 28, '4', '4', 1479457060),
(624, 30, 2, 29, 'Paid Employmennt', 'Paid Employmennt', 1479457060),
(625, 30, 2, 30, '1', 'hmxfhmxm', 1479457060),
(626, 30, 2, 31, '6', '6', 1479457060),
(627, 30, 2, 32, 'I don’t mind either', 'I don’t mind either', 1479457060),
(628, 30, 3, 33, 'Athletic', '1', 1479457060),
(629, 30, 3, 33, 'Plain', '1', 1479457060),
(630, 30, 3, 33, 'Slim', '1', 1479457060),
(631, 30, 3, 33, 'light skinned', '1', 1479457060),
(632, 30, 3, 34, '6', '6', 1479457060),
(633, 30, 3, 37, '5', '5', 1479457060),
(634, 30, 4, 46, 'I''m proud of my education.', '3', 1479457060),
(635, 30, 4, 46, 'I have to be in control of a situation.', '2', 1479457060),
(636, 30, 4, 46, 'I get upset quickly.', '1', 1479457060),
(637, 30, 4, 46, 'I feel better around others.', '1', 1479457060),
(638, 30, 4, 46, 'I take my anger out on others.', '2', 1479457060),
(639, 30, 4, 46, 'I like to stay fit.', '3', 1479457060),
(640, 30, 4, 46, 'I''m always prepared.', '4', 1479457060),
(641, 30, 4, 46, 'I pay attention to detail.', '5', 1479457060),
(642, 30, 4, 46, 'I always accomplish a lot.', '6', 1479457060),
(643, 30, 4, 46, 'I like a lot of variety.', '5', 1479457060),
(644, 30, 4, 46, 'I have good social skills.', '4', 1479457060),
(645, 30, 4, 46, 'I get easily discouraged.', '3', 1479457060),
(646, 30, 4, 50, '3', 'vhvhg,hg.g.', 1479457060),
(647, 30, 4, 51, 'Music', '4', 1479457060),
(648, 30, 4, 51, 'Fine Food and Dining', '1', 1479457060),
(649, 30, 4, 51, 'Team Sports (Football, Rugby, Cricket etc.)', '2', 1479457060),
(650, 30, 4, 51, 'Arts and Crafts', '3', 1479457060),
(651, 30, 4, 51, 'Theatre / Dance / Opera / Ballet', '4', 1479457060),
(652, 30, 4, 51, 'Racket Sports', '5', 1479457060),
(653, 30, 4, 51, 'Nature / Gardening', '6', 1479457060),
(654, 30, 4, 51, 'Socialising / Clubbing', '2', 1479457060),
(655, 30, 4, 51, 'Philanthropy', '1', 1479457060),
(656, 30, 4, 51, 'Travel', '1', 1479457060),
(657, 30, 4, 51, 'Art', '2', 1479457060),
(658, 30, 4, 51, 'Photography', '3', 1479457060),
(659, 30, 4, 51, 'Sailing / Windsurfing / Water Sports', '4', 1479457060),
(660, 30, 4, 51, 'Literature / Reading', '5', 1479457060),
(661, 30, 4, 51, 'Health and Fitness', '6', 1479457060),
(662, 30, 4, 51, 'Hiking / Climbing', '5', 1479457060),
(663, 30, 4, 52, 'Running / Jogging', '1', 1479457060),
(664, 30, 4, 52, 'PC and Console gaming', '1', 1479457060),
(665, 30, 4, 52, 'Politics / Current Affairs', '1', 1479457060),
(666, 30, 4, 55, 'Never', 'Never', 1479457060),
(667, 30, 4, 56, 'about once a week', 'about once a week', 1479457060),
(668, 30, 4, 57, '4', '4', 1479457060),
(669, 30, 4, 58, 'Never', 'Never', 1479457060),
(670, 30, 4, 59, 'A few times a year', 'A few times a year', 1479457060),
(671, 30, 4, 60, '1', '1', 1479457060),
(672, 30, 4, 61, 'I have none', 'I have none', 1479457060),
(673, 30, 4, 62, 'Maybe', 'Maybe', 1479457060),
(674, 30, 4, 63, 'No', 'No', 1479457060),
(675, 30, 4, 77, '1', 'rghehresh', 1479457060),
(676, 30, 4, 79, '1', 'bhh,jh.hj.h.h.', 1479457060),
(677, 30, 6, 78, 'White / Caucasian', '1', 1479457060),
(678, 30, 6, 78, 'Pakistani', '1', 1479457060),
(679, 30, 6, 80, 'Within 60 miles/100 km', 'Within 60 miles/100 km', 1479457060),
(680, 30, 6, 81, '2', '2', 1479457060),
(681, 30, 6, 82, 'Between N5m and N 10m a year', 'Between N5m and N 10m a year', 1479457060),
(682, 30, 6, 83, '4', '4', 1479457060),
(683, 30, 6, 84, 'Comparison Website', 'Comparison Website', 1479457060),
(684, 33, 1, 5, 'Female', 'Female', 1480170760),
(685, 33, 1, 6, 'Male', 'Male', 1480170760),
(686, 33, 1, 7, 'get_country()', 'AZ', 1480170760),
(687, 34, 1, 5, 'Male', 'Male', 1480171645),
(688, 34, 1, 6, 'Female', 'Female', 1480171645),
(689, 34, 1, 7, 'get_country()', 'AR', 1480171645),
(690, 34, 1, 9, 'get_country()', 'AM', 1480171645),
(691, 34, 1, 10, 'get_country()', 'AG', 1480171645),
(692, 34, 1, 12, '4', '4', 1480171645),
(693, 34, 1, 13, '2', '2', 1480171645),
(694, 34, 1, 14, 'get_age()', '31-35', 1480171645),
(695, 34, 1, 15, 'get_age()', '36-40', 1480171645),
(696, 34, 1, 16, '0', '0', 1480171645),
(697, 34, 1, 17, 'get_height()', '3-4 feet', 1480171645),
(698, 34, 1, 18, '4', '4', 1480171645),
(699, 34, 1, 19, 'divorced', 'divorced', 1480171645),
(700, 34, 1, 21, '4', '4', 1480171645),
(701, 34, 1, 22, 'I am religious but not spiritual', 'I am religious but not spiritual', 1480171645),
(702, 34, 1, 23, 'Muslim', 'Muslim', 1480171645),
(703, 34, 1, 24, 'Muslim', 'Muslim', 1480171645),
(704, 34, 1, 25, '3', '3', 1480171645),
(705, 34, 2, 26, 'Primary Education', 'Primary Education', 1480171645),
(706, 34, 2, 27, 'No Education', 'No Education', 1480171645),
(707, 34, 2, 28, '3', '3', 1480171645),
(708, 34, 2, 29, 'Self-employed', 'Self-employed', 1480171645),
(709, 34, 2, 30, '1', 'egergerer', 1480171645),
(710, 34, 2, 31, '1', '1', 1480171645),
(711, 34, 2, 32, 'Work in a corporate environment', 'Work in a corporate environment', 1480171645),
(712, 34, 3, 33, 'Trendy', '1', 1480171645),
(713, 34, 3, 33, 'Attractive', '1', 1480171645),
(714, 34, 3, 33, 'Athletic', '1', 1480171645),
(715, 34, 3, 34, '0', '0', 1480171645),
(716, 34, 3, 37, '1', '1', 1480171645),
(717, 34, 4, 46, 'I have to be in control of a situation.', '6', 1480171645),
(718, 34, 4, 46, 'I get upset quickly.', '2', 1480171645),
(719, 34, 4, 46, 'I either like or hate new people.', '1', 1480171645),
(720, 34, 4, 46, 'I take my anger out on others.', '6', 1480171645),
(721, 34, 4, 46, 'I like to stay fit.', '5', 1480171645),
(722, 34, 4, 46, 'I''m always prepared.', '4', 1480171645),
(723, 34, 4, 46, 'I pay attention to detail.', '3', 1480171645),
(724, 34, 4, 46, 'I always accomplish a lot.', '2', 1480171645),
(725, 34, 4, 46, 'I like a lot of variety.', '1', 1480171645),
(726, 34, 4, 46, 'I get easily discouraged.', '6', 1480171645),
(727, 34, 4, 50, '3', 'egrre', 1480171645),
(728, 34, 4, 51, 'Music', '1', 1480171645),
(729, 34, 4, 51, 'Fine Food and Dining', '2', 1480171645),
(730, 34, 4, 51, 'Team Sports (Football, Rugby, Cricket etc.)', '3', 1480171645),
(731, 34, 4, 51, 'Arts and Crafts', '6', 1480171645),
(732, 34, 4, 51, 'Theatre / Dance / Opera / Ballet', '1', 1480171645),
(733, 34, 4, 51, 'Nature / Gardening', '2', 1480171645),
(734, 34, 4, 51, 'Socialising / Clubbing', '3', 1480171645),
(735, 34, 4, 51, 'Philanthropy', '4', 1480171645),
(736, 34, 4, 51, 'Movies / Cinema', '5', 1480171645),
(737, 34, 4, 51, 'Travel', '6', 1480171645),
(738, 34, 4, 51, 'Photography', '1', 1480171645),
(739, 34, 4, 51, 'Sailing / Windsurfing / Water Sports', '2', 1480171645),
(740, 34, 4, 51, 'Literature / Reading', '3', 1480171645),
(741, 34, 4, 51, 'Health and Fitness', '4', 1480171645),
(742, 34, 4, 51, 'Hiking / Climbing', '5', 1480171645),
(743, 34, 4, 52, 'Spending time with family', '1', 1480171645),
(744, 34, 4, 52, 'Spending time with friends', '1', 1480171645),
(745, 34, 4, 52, 'Watching sporting events', '1', 1480171645),
(746, 34, 4, 55, 'Never', 'Never', 1480171645),
(747, 34, 4, 56, 'Never', 'Never', 1480171645),
(748, 34, 4, 57, '4', '4', 1480171645),
(749, 34, 4, 58, 'Never', 'Never', 1480171645),
(750, 34, 4, 59, 'Never', 'Never', 1480171645),
(751, 34, 4, 60, '3', '3', 1480171645),
(752, 34, 4, 61, 'Two children', 'Two children', 1480171645),
(753, 34, 4, 62, 'Yes, definitely', 'Yes, definitely', 1480171645),
(754, 34, 4, 63, 'No', 'No', 1480171645),
(755, 34, 4, 77, '1', 'ewwegwg', 1480171645),
(756, 34, 4, 79, '1', 'ewgwewe', 1480171645),
(757, 34, 6, 78, 'Black / African / Carib', '1', 1480171645),
(758, 34, 6, 78, 'Bangladeshi', '1', 1480171645),
(759, 34, 6, 80, 'Within 60 miles/100 km', 'Within 60 miles/100 km', 1480171645),
(760, 34, 6, 81, '3', '3', 1480171645),
(761, 34, 6, 82, 'Less than N5m a year', 'Less than N5m a year', 1480171645),
(762, 34, 6, 83, '6', '6', 1480171645),
(763, 34, 6, 84, 'Comparison Website', 'Comparison Website', 1480171645),
(764, 36, 1, 5, 'Female', 'Female', 1482175773),
(765, 36, 1, 6, 'Male', 'Male', 1482175773),
(766, 36, 1, 7, 'get_country()', 'NG', 1482175773),
(767, 36, 1, 8, 'get_state()', 'Agege|Ajeromi-Ifelodun|Alimosho|Amuwo-Odofin|Apapa|Badagry|Epe|Eti-Osa|Ibeju/Lekki|Ifako-Ijaye|Ikeja|Ikorodu|Kosofe|Lagos Island|Lagos Mainland|Mushin|Ojo|Oshodi-Isolo|Shomolu|Surulere', 1482175773),
(768, 36, 1, 9, 'get_country()', 'NG', 1482175773),
(769, 36, 1, 85, 'get_state()', 'Aniocha|Aniocha South|Bomadi|Burutu|Ethiope East|Ethiope West|Ika North-East|Ika South|Isoko North|Isoko south|Ndokwa East|Ndokwa West|Okpe|Oshimili|Oshimili North|Patani|Sapele|Udu|Ughelli North|Ughelli South|Ukwani|Uvwie|Warri Central|Warri North|Warri South', 1482175773),
(770, 36, 1, 10, 'get_country()', 'NG', 1482175773),
(771, 36, 1, 85, 'get_state()', 'Aniocha|Aniocha South|Bomadi|Burutu|Ethiope East|Ethiope West|Ika North-East|Ika South|Isoko North|Isoko south|Ndokwa East|Ndokwa West|Okpe|Oshimili|Oshimili North|Patani|Sapele|Udu|Ughelli North|Ughelli South|Ukwani|Uvwie|Warri Central|Warri North|Warri South', 1482175773),
(772, 36, 1, 10, 'get_country()', 'NG', 1482175773),
(773, 36, 1, 11, 'get_state()', '_', 1482175773),
(774, 36, 1, 12, '0', '0', 1482175773),
(775, 36, 1, 13, '3', '3', 1482175773),
(776, 36, 1, 14, 'get_age()', '31-35', 1482175773),
(777, 36, 1, 15, 'get_age()', '36-40', 1482175773),
(778, 36, 1, 16, '6', '6', 1482175773),
(779, 36, 1, 17, 'get_height()', '3-4 feet', 1482175773),
(780, 36, 1, 18, '3', '3', 1482175773),
(781, 36, 1, 19, 'never been married', 'never been married', 1482175773),
(782, 36, 1, 21, '2', '2', 1482175773),
(783, 36, 1, 22, 'I am spiritual but not religious', 'I am spiritual but not religious', 1482175773),
(784, 36, 1, 23, 'Pentecostal', 'Pentecostal', 1482175773),
(785, 36, 1, 24, 'I don''t mind', 'I don''t mind', 1482175773),
(786, 36, 1, 25, '4', '4', 1482175773),
(787, 36, 2, 26, 'Master''s Degree', 'Master''s Degree', 1482175773),
(788, 36, 2, 27, 'Master''s Degree', 'Master''s Degree', 1482175773),
(789, 36, 2, 27, 'Bachelor''s Degree', 'Bachelor''s Degree', 1482175773),
(790, 36, 2, 28, '5', '5', 1482175773),
(791, 36, 2, 29, 'Paid Employmennt', 'Paid Employmennt', 1482175773),
(792, 36, 2, 30, '1', 'HR', 1482175773),
(793, 36, 2, 31, '3', '3', 1482175773),
(794, 36, 2, 32, 'Work in a corporate environment', 'Work in a corporate environment', 1482175773),
(795, 36, 3, 33, 'Attractive', '1', 1482175773),
(796, 36, 3, 33, 'Curvy', '1', 1482175773),
(797, 36, 3, 33, 'Attractive', '1', 1482175773),
(798, 36, 3, 34, '5', '5', 1482175773),
(799, 36, 3, 37, '3', '3', 1482175773),
(800, 36, 4, 46, 'I''m proud of my education.', '5', 1482175773),
(801, 36, 4, 46, 'I have to be in control of a situation.', '3', 1482175773),
(802, 36, 4, 46, 'I get upset quickly.', '1', 1482175773),
(803, 36, 4, 46, 'I either like or hate new people.', '5', 1482175773),
(804, 36, 4, 46, 'I feel better around others.', '3', 1482175773),
(805, 36, 4, 46, 'I like to stay fit.', '1', 1482175773),
(806, 36, 4, 46, 'I''m always prepared.', '2', 1482175773),
(807, 36, 4, 46, 'I pay attention to detail.', '2', 1482175773),
(808, 36, 4, 46, 'I always accomplish a lot.', '3', 1482175773),
(809, 36, 4, 46, 'I like a lot of variety.', '4', 1482175773),
(810, 36, 4, 46, 'I have good social skills.', '4', 1482175773),
(811, 36, 4, 46, 'I get easily discouraged.', '5', 1482175773),
(812, 36, 4, 50, '3', 'Family, Career, Education', 1482175773),
(813, 36, 4, 51, 'Music', '5', 1482175773),
(814, 36, 4, 51, 'Adventure Sports', '3', 1482175773),
(815, 36, 4, 51, 'Fine Food and Dining', '5', 1482175773),
(816, 36, 4, 51, 'Team Sports (Football, Rugby, Cricket etc.)', '3', 1482175773),
(817, 36, 4, 51, 'Arts and Crafts', '4', 1482175773),
(818, 36, 4, 51, 'Theatre / Dance / Opera / Ballet', '4', 1482175773),
(819, 36, 4, 51, 'Racket Sports', '2', 1482175773),
(820, 36, 4, 51, 'Nature / Gardening', '2', 1482175773),
(821, 36, 4, 51, 'Socialising / Clubbing', '3', 1482175773),
(822, 36, 4, 51, 'Philanthropy', '5', 1482175773),
(823, 36, 4, 51, 'Movies / Cinema', '6', 1482175773),
(824, 36, 4, 51, 'Travel', '6', 1482175773),
(825, 36, 4, 51, 'Art', '3', 1482175773),
(826, 36, 4, 51, 'Photography', '3', 1482175773),
(827, 36, 4, 51, 'Sailing / Windsurfing / Water Sports', '3', 1482175773),
(828, 36, 4, 51, 'Literature / Reading', '3', 1482175773),
(829, 36, 4, 51, 'Health and Fitness', '3', 1482175773),
(830, 36, 4, 51, 'Hiking / Climbing', '3', 1482175773),
(831, 37, 1, 5, 'Male', 'Male', 1482481271),
(832, 37, 1, 6, 'Female', 'Female', 1482481271),
(833, 37, 1, 7, 'get_country()', 'AS', 1482481271),
(834, 37, 1, 9, 'get_country()', 'AI', 1482481271),
(835, 37, 1, 10, 'get_country()', 'AG', 1482481271),
(836, 37, 1, 12, '4', '4', 1482481271),
(837, 37, 1, 13, '6', '6', 1482481271),
(838, 37, 1, 14, 'get_age()', '41-45', 1482481271),
(839, 37, 1, 15, 'get_age()', '36-40', 1482481271),
(840, 37, 1, 16, '0', '0', 1482481271),
(841, 37, 1, 17, 'get_height()', '5-6 feet', 1482481271),
(842, 37, 1, 18, '6', '6', 1482481271),
(843, 37, 1, 19, 'never been married', 'never been married', 1482481271),
(844, 37, 1, 21, '5', '5', 1482481271),
(845, 37, 1, 22, 'I am religious and spiritual', 'I am religious and spiritual', 1482481271),
(846, 37, 1, 23, 'Muslim', 'Muslim', 1482481271),
(847, 37, 1, 24, 'I don''t mind', 'I don''t mind', 1482481271),
(848, 37, 1, 25, '6', '6', 1482481271),
(849, 37, 2, 26, 'No Education', 'No Education', 1482481271),
(850, 37, 2, 27, 'No Education', 'No Education', 1482481271),
(851, 37, 2, 28, '5', '5', 1482481271),
(852, 37, 2, 29, 'Self-employed', 'Self-employed', 1482481271),
(853, 37, 2, 30, '1', 'Jdmkkdkdndmd', 1482481271),
(854, 37, 2, 31, '6', '6', 1482481271),
(855, 37, 2, 32, 'Have his/her own business', 'Have his/her own business', 1482481271),
(856, 37, 3, 33, 'Trendy', '1', 1482481271),
(857, 37, 3, 33, 'Athletic', '1', 1482481271),
(858, 37, 3, 33, 'Plain', '1', 1482481271),
(859, 37, 3, 33, 'Slim', '1', 1482481271),
(860, 37, 3, 34, '0', '0', 1482481271),
(861, 37, 3, 37, '6', '6', 1482481271),
(862, 37, 4, 46, 'I''m proud of my education.', '6', 1482481271),
(863, 37, 4, 46, 'I get upset quickly.', '5', 1482481271),
(864, 37, 4, 46, 'I either like or hate new people.', '1', 1482481271),
(865, 37, 4, 46, 'I feel better around others.', '4', 1482481271),
(866, 37, 4, 46, 'I take my anger out on others.', '3', 1482481271),
(867, 37, 4, 46, 'I pay attention to detail.', '6', 1482481271),
(868, 37, 4, 46, 'I always accomplish a lot.', '5', 1482481271),
(869, 37, 4, 46, 'I like a lot of variety.', '4', 1482481271),
(870, 37, 4, 46, 'I have good social skills.', '1', 1482481271),
(871, 37, 4, 46, 'I get easily discouraged.', '3', 1482481271),
(872, 37, 4, 50, '3', 'Udndldnd', 1482481271),
(873, 37, 4, 51, 'Adventure Sports', '6', 1482481271),
(874, 37, 4, 51, 'Fine Food and Dining', '', 1482481271),
(875, 37, 4, 51, 'Team Sports (Football, Rugby, Cricket etc.)', '3', 1482481271),
(876, 37, 4, 51, 'Theatre / Dance / Opera / Ballet', '1', 1482481271),
(877, 37, 4, 51, 'Racket Sports', '3', 1482481271),
(878, 37, 4, 51, 'Nature / Gardening', '3', 1482481271),
(879, 37, 4, 51, 'Socialising / Clubbing', '5', 1482481271),
(880, 37, 4, 51, 'Philanthropy', '6', 1482481271),
(881, 37, 4, 51, 'Travel', '5', 1482481271),
(882, 37, 4, 51, 'Art', '4', 1482481271),
(883, 37, 4, 51, 'Photography', '3', 1482481271),
(884, 37, 4, 51, 'Sailing / Windsurfing / Water Sports', '', 1482481271),
(885, 37, 4, 51, 'Literature / Reading', '5', 1482481271),
(886, 37, 4, 51, 'Hiking / Climbing', '6', 1482481271),
(887, 37, 4, 52, 'Spending time with family', '1', 1482481271),
(888, 37, 4, 52, 'Live music and concerts', '1', 1482481271),
(889, 37, 4, 52, 'Spending time indoors', '1', 1482481271),
(890, 37, 4, 52, 'Galleries and Museum', '1', 1482481271),
(891, 37, 4, 55, 'Never', 'Never', 1482481271),
(892, 37, 4, 56, 'several times a year', 'several times a year', 1482481271),
(893, 37, 4, 57, '6', '6', 1482481271),
(894, 37, 4, 58, 'A few times a week', 'A few times a week', 1482481271),
(895, 37, 4, 59, 'Never', 'Never', 1482481271),
(896, 37, 4, 60, '0', '0', 1482481271),
(897, 37, 4, 61, 'Two children', 'Two children', 1482481271),
(898, 37, 4, 62, 'Yes, definitely', 'Yes, definitely', 1482481271),
(899, 37, 4, 63, 'No', 'No', 1482481271),
(900, 37, 4, 77, '1', 'Jmm, dkmdld', 1482481271),
(901, 37, 4, 79, '1', 'Jdndlknd, d', 1482481271),
(902, 37, 6, 78, 'Black / African / Carib', '1', 1482481271),
(903, 37, 6, 78, 'Bangladeshi', '1', 1482481271),
(904, 37, 6, 78, 'Japanese', '1', 1482481271),
(905, 37, 6, 80, 'Within 60 miles/100 km', 'Within 60 miles/100 km', 1482481271);
INSERT INTO `response_bank` (`response_id`, `profile_id`, `category_id`, `question_id`, `question_response`, `question_subresponse`, `timestamp`) VALUES
(906, 37, 6, 81, '0', '0', 1482481271),
(907, 37, 6, 82, 'Less than N5m a year', 'Less than N5m a year', 1482481271),
(908, 37, 6, 83, '6', '6', 1482481271),
(909, 37, 6, 84, 'Comparison Website', 'Comparison Website', 1482481271),
(910, 38, 1, 5, 'Male', 'Male', 1482844537),
(911, 38, 1, 6, 'Female', 'Female', 1482844537),
(912, 38, 1, 7, 'get_country()', 'BS', 1482844537),
(913, 38, 1, 9, 'get_country()', 'AZ', 1482844537),
(914, 38, 1, 10, 'get_country()', 'Null', 1482844537),
(915, 38, 1, 12, '3', '3', 1482844537),
(916, 38, 1, 13, '0', '0', 1482844537),
(917, 38, 1, 14, 'get_age()', '36-40', 1482844537),
(918, 38, 1, 15, 'get_age()', '36-40', 1482844537),
(919, 38, 1, 16, '3', '3', 1482844537),
(920, 38, 1, 17, 'get_height()', '4-5 feet', 1482844537),
(921, 38, 1, 18, '0', '0', 1482844537),
(922, 38, 1, 19, 'separated', 'separated', 1482844537),
(923, 38, 1, 21, '0', '0', 1482844537),
(924, 38, 1, 22, 'I am spiritual but not religious', 'I am spiritual but not religious', 1482844537),
(925, 38, 1, 23, 'Anglican', 'Anglican', 1482844537),
(926, 38, 1, 24, 'Pentecostal', 'Pentecostal', 1482844537),
(927, 38, 1, 25, '0', '0', 1482844537),
(928, 38, 2, 26, 'Secondary School / Apprenticeship', 'Secondary School / Apprenticeship', 1482844537),
(929, 38, 2, 27, 'No Education', 'No Education', 1482844537),
(930, 38, 2, 28, '3', '3', 1482844537),
(931, 38, 2, 29, 'Paid Employmennt', 'Paid Employmennt', 1482844537),
(932, 38, 2, 30, '1', 'dsvsdvssbsa', 1482844537),
(933, 38, 2, 31, '4', '4', 1482844537),
(934, 38, 2, 32, 'Work in a corporate environment', 'Work in a corporate environment', 1482844537),
(935, 38, 3, 33, 'Attractive', '1', 1482844537),
(936, 38, 3, 33, 'Overweight', '1', 1482844537),
(937, 38, 3, 33, 'Plain', '1', 1482844537),
(938, 38, 3, 34, '6', '6', 1482844537),
(939, 38, 3, 37, '5', '5', 1482844537),
(940, 39, 1, 5, 'Male', 'Male', 1482851740),
(941, 39, 1, 6, 'Female', 'Female', 1482851740),
(942, 39, 1, 7, 'get_country()', 'AU', 1482851740),
(943, 39, 1, 9, 'get_country()', 'AU', 1482851740),
(944, 39, 1, 10, 'get_country()', 'AT', 1482851740),
(945, 39, 1, 12, '3', '3', 1482851740),
(946, 39, 1, 13, '0', '0', 1482851740),
(947, 39, 1, 14, 'get_age()', '36-40', 1482851740),
(948, 41, 1, 5, 'Male', 'Male', 1482853585),
(949, 41, 1, 6, 'Female', 'Female', 1482853585),
(950, 41, 1, 7, 'get_country()', 'AU', 1482853585),
(951, 41, 1, 9, 'get_country()', 'AU', 1482853585),
(952, 41, 1, 10, 'get_country()', 'AU', 1482853585),
(953, 41, 1, 12, '3', '3', 1482853585),
(954, 41, 1, 13, '0', '0', 1482853585),
(955, 41, 1, 14, 'get_age()', '36-40', 1482853585),
(956, 41, 1, 15, 'get_age()', '36-40', 1482853585),
(957, 41, 1, 16, '4', '4', 1482853585),
(958, 41, 1, 17, 'get_height()', '5-6 feet', 1482853585),
(959, 41, 1, 18, '0', '0', 1482853585),
(960, 41, 1, 19, 'divorced', 'divorced', 1482853585),
(961, 41, 1, 21, '0', '0', 1482853585),
(962, 41, 1, 22, 'I am religious but not spiritual', 'I am religious but not spiritual', 1482853585),
(963, 41, 1, 23, 'catholic', 'catholic', 1482853585),
(964, 41, 1, 24, 'Muslim', 'Muslim', 1482853585),
(965, 41, 1, 25, '1', '1', 1482853585),
(966, 41, 2, 26, 'Primary Education', 'Primary Education', 1482853585),
(967, 41, 2, 27, 'No Education', 'No Education', 1482853585),
(968, 41, 2, 28, '2', '2', 1482853585),
(969, 41, 2, 29, 'Paid Employmennt', 'Paid Employmennt', 1482853585),
(970, 41, 2, 30, '1', 'lkjl,,', 1482853585),
(971, 41, 2, 31, '2', '2', 1482853585),
(972, 41, 2, 32, 'Work in a corporate environment', 'Work in a corporate environment', 1482853585),
(973, 41, 3, 33, 'Trendy', '1', 1482853585),
(974, 41, 3, 33, 'Athletic', '1', 1482853585),
(975, 41, 3, 33, 'Overweight', '1', 1482853585),
(976, 41, 3, 33, 'light skinned', '1', 1482853585),
(977, 41, 3, 34, '4', '4', 1482853585),
(978, 41, 3, 37, '0', '0', 1482853585),
(979, 41, 4, 46, 'I''m proud of my education.', '3', 1482853585),
(980, 41, 4, 46, 'I have to be in control of a situation.', '2', 1482853585),
(981, 41, 4, 46, 'I get upset quickly.', '1', 1482853585),
(982, 41, 4, 46, 'I feel better around others.', '1', 1482853585),
(983, 41, 4, 46, 'I take my anger out on others.', '2', 1482853585),
(984, 41, 4, 46, 'I like to stay fit.', '3', 1482853585),
(985, 41, 4, 46, 'I''m always prepared.', '4', 1482853585),
(986, 41, 4, 46, 'I pay attention to detail.', '5', 1482853585),
(987, 41, 4, 46, 'I always accomplish a lot.', '6', 1482853585),
(988, 41, 4, 46, 'I like a lot of variety.', '5', 1482853585),
(989, 41, 4, 46, 'I have good social skills.', '4', 1482853585),
(990, 41, 4, 46, 'I get easily discouraged.', '3', 1482853585),
(991, 41, 4, 50, '3', 'i0iiuiu', 1482853585),
(992, 41, 4, 51, 'Music', '3', 1482853585),
(993, 41, 4, 51, 'Adventure Sports', '2', 1482853585),
(994, 41, 4, 51, 'Team Sports (Football, Rugby, Cricket etc.)', '2', 1482853585),
(995, 41, 4, 51, 'Arts and Crafts', '3', 1482853585),
(996, 41, 4, 51, 'Theatre / Dance / Opera / Ballet', '4', 1482853585),
(997, 41, 4, 51, 'Racket Sports', '5', 1482853585),
(998, 41, 4, 51, 'Nature / Gardening', '6', 1482853585),
(999, 41, 4, 51, 'Socialising / Clubbing', '5', 1482853585),
(1000, 41, 4, 51, 'Philanthropy', '4', 1482853585),
(1001, 41, 4, 51, 'Movies / Cinema', '3', 1482853585),
(1002, 41, 4, 51, 'Travel', '2', 1482853585),
(1003, 41, 4, 51, 'Art', '1', 1482853585),
(1004, 41, 4, 51, 'Sailing / Windsurfing / Water Sports', '1', 1482853585),
(1005, 41, 4, 51, 'Literature / Reading', '2', 1482853585),
(1006, 41, 4, 51, 'Health and Fitness', '3', 1482853585),
(1007, 41, 4, 51, 'Hiking / Climbing', '4', 1482853585),
(1008, 41, 4, 52, 'Spending time indoors', '1', 1482853585),
(1009, 41, 4, 52, 'Participation in the religious activities', '1', 1482853585),
(1010, 41, 4, 52, 'Science / Technology', '1', 1482853585),
(1011, 41, 4, 52, 'Watching sporting events', '1', 1482853585),
(1012, 41, 4, 55, 'about once a week', 'about once a week', 1482853585),
(1013, 41, 4, 56, 'every day', 'every day', 1482853585),
(1014, 41, 4, 57, '2', '2', 1482853585),
(1015, 41, 4, 58, 'Never', 'Never', 1482853585),
(1016, 41, 4, 59, 'A few times a year', 'A few times a year', 1482853585),
(1017, 41, 4, 60, '2', '2', 1482853585),
(1018, 41, 4, 61, 'Three or more children', 'Three or more children', 1482853585),
(1019, 41, 4, 62, 'Yes, definitely', 'Yes, definitely', 1482853585),
(1020, 41, 4, 63, 'No', 'No', 1482853585),
(1021, 41, 4, 77, '1', 'ytfctyctdy', 1482853585),
(1022, 41, 4, 79, '1', ';iyvuilviy', 1482853585),
(1023, 41, 6, 78, 'Black / African / Carib', '1', 1482853585),
(1024, 41, 6, 78, 'Pakistani', '1', 1482853585),
(1025, 41, 6, 78, 'Bangladeshi', '1', 1482853585),
(1026, 41, 6, 78, 'Arabic / Middle Eastern', '1', 1482853585),
(1027, 41, 6, 80, 'Within 60 miles/100 km', 'Within 60 miles/100 km', 1482853585),
(1028, 41, 6, 81, '3', '3', 1482853585),
(1029, 41, 6, 82, 'Less than N5m a year', 'Less than N5m a year', 1482853585),
(1030, 41, 6, 83, '3', '3', 1482853585),
(1031, 41, 6, 84, 'Comparison Website', 'Comparison Website', 1482853585),
(1032, 42, 1, 5, 'Female', 'Female', 1483446074),
(1033, 42, 1, 6, 'Male', 'Male', 1483446074),
(1034, 42, 1, 7, 'get_country()', 'NG', 1483446074),
(1035, 42, 1, 8, 'get_state()', 'Agege|Ajeromi-Ifelodun|Alimosho|Amuwo-Odofin|Apapa|Badagry|Epe|Eti-Osa|Ibeju/Lekki|Ifako-Ijaye|Ikeja|Ikorodu|Kosofe|Lagos Island|Lagos Mainland|Mushin|Ojo|Oshodi-Isolo|Shomolu|Surulere', 1483446074),
(1036, 42, 1, 9, 'get_country()', 'NG', 1483446074),
(1037, 42, 1, 85, 'get_state()', 'Aniocha|Aniocha South|Bomadi|Burutu|Ethiope East|Ethiope West|Ika North-East|Ika South|Isoko North|Isoko south|Ndokwa East|Ndokwa West|Okpe|Oshimili|Oshimili North|Patani|Sapele|Udu|Ughelli North|Ughelli South|Ukwani|Uvwie|Warri Central|Warri North|Warri South', 1483446074),
(1038, 42, 1, 10, 'get_country()', 'NG', 1483446074),
(1039, 42, 1, 11, 'get_state()', 'null', 1483446074),
(1040, 42, 1, 12, '1', '1', 1483446074),
(1041, 42, 1, 13, '4', '4', 1483446074),
(1042, 42, 1, 14, 'get_age()', '31-35', 1483446074),
(1043, 42, 1, 15, 'get_age()', '36-40', 1483446074),
(1044, 42, 1, 16, '4', '4', 1483446074),
(1045, 42, 1, 17, 'get_height()', '3-4 feet', 1483446074),
(1046, 42, 1, 18, '3', '3', 1483446074),
(1047, 42, 1, 19, 'never been married', 'never been married', 1483446074),
(1048, 42, 1, 21, '3', '3', 1483446074),
(1049, 42, 1, 22, 'I am spiritual but not religious', 'I am spiritual but not religious', 1483446074),
(1050, 42, 1, 23, 'Pentecostal', 'Pentecostal', 1483446074),
(1051, 42, 1, 24, 'I don''t mind', 'I don''t mind', 1483446074),
(1052, 42, 1, 25, '5', '5', 1483446074),
(1053, 42, 2, 26, 'Master''s Degree', 'Master''s Degree', 1483446074),
(1054, 42, 2, 27, 'Bachelor''s Degree', 'Bachelor''s Degree', 1483446074),
(1055, 42, 2, 28, '5', '5', 1483446074),
(1056, 42, 2, 29, 'Paid Employmennt', 'Paid Employmennt', 1483446074),
(1057, 42, 2, 30, '1', 'HR Practitioner', 1483446074),
(1058, 42, 2, 31, '3', '3', 1483446074),
(1059, 42, 2, 32, 'Work in a corporate environment', 'Work in a corporate environment', 1483446074),
(1060, 42, 3, 33, 'Trendy', '1', 1483446074),
(1061, 42, 3, 33, 'Attractive', '1', 1483446074),
(1062, 42, 3, 33, 'Plain', '1', 1483446074),
(1063, 42, 3, 33, 'dark skinned', '1', 1483446074),
(1064, 42, 3, 34, '5', '5', 1483446074),
(1065, 42, 3, 37, '4', '4', 1483446074),
(1066, 42, 4, 46, 'I''m proud of my education.', '5', 1483446074),
(1067, 42, 4, 46, 'I have to be in control of a situation.', '3', 1483446074),
(1068, 42, 4, 46, 'I get upset quickly.', '2', 1483446074),
(1069, 42, 4, 46, 'I either like or hate new people.', '4', 1483446074),
(1070, 42, 4, 46, 'I feel better around others.', '2', 1483446074),
(1071, 42, 4, 46, 'I like to stay fit.', '2', 1483446074),
(1072, 42, 4, 46, 'I''m always prepared.', '3', 1483446074),
(1073, 42, 4, 46, 'I pay attention to detail.', '3', 1483446074),
(1074, 42, 4, 46, 'I always accomplish a lot.', '4', 1483446074),
(1075, 42, 4, 46, 'I like a lot of variety.', '4', 1483446074),
(1076, 42, 4, 46, 'I have good social skills.', '4', 1483446074),
(1077, 42, 4, 46, 'I get easily discouraged.', '1', 1483446074),
(1078, 44, 1, 5, 'Male', 'Male', 1483540460),
(1079, 44, 1, 6, 'Female', 'Female', 1483540460),
(1080, 44, 1, 7, 'get_country()', 'AZ', 1483540460),
(1081, 44, 1, 9, 'get_country()', 'AZ', 1483540460),
(1082, 44, 1, 10, 'get_country()', 'AM', 1483540460),
(1083, 44, 1, 12, '4', '4', 1483540460),
(1084, 44, 1, 13, '3', '3', 1483540460),
(1085, 44, 1, 14, 'get_age()', '36-40', 1483540460),
(1086, 44, 1, 15, 'get_age()', '36-40', 1483540460),
(1087, 44, 1, 16, '4', '4', 1483540460),
(1088, 44, 1, 17, 'get_height()', '4-5 feet', 1483540460),
(1089, 45, 1, 5, 'Male', 'Male', 1483628146),
(1090, 45, 1, 6, 'Female', 'Female', 1483628146),
(1091, 45, 1, 7, 'get_country()', 'AU', 1483628146),
(1092, 45, 1, 9, 'get_country()', 'AU', 1483628146),
(1093, 45, 1, 10, 'get_country()', 'AU', 1483628146),
(1094, 45, 1, 12, '4', '4', 1483628146),
(1095, 45, 1, 13, '1', '1', 1483628146),
(1096, 45, 1, 14, 'get_age()', '41-45', 1483628146),
(1097, 45, 1, 15, 'get_age()', '41-45', 1483628146),
(1098, 45, 1, 16, '3', '3', 1483628146),
(1099, 45, 1, 17, 'get_height()', '6-7 feet', 1483628146),
(1100, 45, 1, 18, '3', '3', 1483628146),
(1101, 45, 1, 19, 'never been married', 'never been married', 1483628146),
(1102, 45, 1, 21, '3', '3', 1483628146),
(1103, 45, 1, 22, 'I am religious but not spiritual', 'I am religious but not spiritual', 1483628146),
(1104, 45, 1, 23, 'Pentecostal', 'Pentecostal', 1483628146),
(1105, 45, 1, 24, 'Muslim', 'Muslim', 1483628146),
(1106, 45, 1, 25, '3', '3', 1483628146),
(1107, 45, 2, 26, 'Primary Education', 'Primary Education', 1483628146),
(1108, 45, 2, 27, 'No Education', 'No Education', 1483628146),
(1109, 45, 2, 28, '3', '3', 1483628146),
(1110, 45, 2, 29, 'Paid Employmennt', 'Paid Employmennt', 1483628146),
(1111, 45, 2, 30, '1', 'guoguo', 1483628146),
(1112, 45, 2, 31, '0', '0', 1483628146),
(1113, 45, 2, 32, 'Have his/her own business', 'Have his/her own business', 1483628146),
(1114, 45, 3, 33, 'Overweight', '1', 1483628146),
(1115, 45, 3, 33, 'Plain', '1', 1483628146),
(1116, 45, 3, 33, 'light skinned', '1', 1483628146),
(1117, 45, 3, 34, '6', '6', 1483628146),
(1118, 45, 3, 37, '5', '5', 1483628146),
(1119, 45, 4, 46, 'I''m proud of my education.', '3', 1483628146),
(1120, 45, 4, 46, 'I have to be in control of a situation.', '2', 1483628146),
(1121, 45, 4, 46, 'I get upset quickly.', '1', 1483628146),
(1122, 45, 4, 46, 'I either like or hate new people.', '6', 1483628146),
(1123, 45, 4, 46, 'I take my anger out on others.', '1', 1483628146),
(1124, 45, 4, 46, 'I like to stay fit.', '2', 1483628146),
(1125, 45, 4, 46, 'I pay attention to detail.', '2', 1483628146),
(1126, 45, 4, 46, 'I always accomplish a lot.', '3', 1483628146),
(1127, 45, 4, 46, 'I like a lot of variety.', '4', 1483628146),
(1128, 45, 4, 46, 'I have good social skills.', '5', 1483628146),
(1129, 45, 4, 46, 'I get easily discouraged.', '6', 1483628146),
(1130, 45, 4, 50, '3', 'tjjjn ngtrn nn rtnr', 1483628146),
(1131, 45, 4, 51, 'Adventure Sports', '1', 1483628146),
(1132, 45, 4, 51, 'Fine Food and Dining', '2', 1483628146),
(1133, 45, 4, 51, 'Team Sports (Football, Rugby, Cricket etc.)', '3', 1483628146),
(1134, 45, 4, 51, 'Arts and Crafts', '4', 1483628146),
(1135, 45, 4, 51, 'Theatre / Dance / Opera / Ballet', '5', 1483628146),
(1136, 45, 4, 51, 'Racket Sports', '6', 1483628146),
(1137, 45, 4, 51, 'Nature / Gardening', '5', 1483628146),
(1138, 45, 4, 51, 'Socialising / Clubbing', '4', 1483628146),
(1139, 45, 4, 51, 'Philanthropy', '3', 1483628146),
(1140, 45, 4, 51, 'Movies / Cinema', '2', 1483628146),
(1141, 45, 4, 51, 'Travel', '1', 1483628146),
(1142, 45, 4, 51, 'Photography', '1', 1483628146),
(1143, 45, 4, 51, 'Sailing / Windsurfing / Water Sports', '2', 1483628146),
(1144, 45, 4, 51, 'Literature / Reading', '3', 1483628146),
(1145, 45, 4, 51, 'Health and Fitness', '4', 1483628146),
(1146, 45, 4, 51, 'Hiking / Climbing', '5', 1483628146),
(1147, 45, 4, 52, 'Spending time with friends', '1', 1483628146),
(1148, 45, 4, 52, 'Spending time indoors', '1', 1483628146),
(1149, 45, 4, 52, 'Participation in the religious activities', '1', 1483628146),
(1150, 45, 4, 52, 'Science / Technology', '1', 1483628146),
(1151, 45, 4, 55, 'several times a year', 'several times a year', 1483628146),
(1152, 45, 4, 56, 'Never', 'Never', 1483628146),
(1153, 45, 4, 57, '3', '3', 1483628146),
(1154, 45, 4, 58, 'Never', 'Never', 1483628146),
(1155, 45, 4, 59, 'A few times a year', 'A few times a year', 1483628146),
(1156, 45, 4, 60, '5', '5', 1483628146),
(1157, 45, 4, 61, 'Two children', 'Two children', 1483628146),
(1158, 45, 4, 62, 'Yes, definitely', 'Yes, definitely', 1483628146),
(1159, 45, 4, 63, 'No', 'No', 1483628146),
(1160, 45, 4, 77, '1', 'george', 1483628146),
(1161, 45, 4, 79, '1', 'ferdora street', 1483628146),
(1162, 45, 6, 78, 'Black / African / Carib', '1', 1483628146),
(1163, 45, 6, 78, 'White / Caucasian', '1', 1483628146),
(1164, 45, 6, 78, 'Pakistani', '1', 1483628146),
(1165, 45, 6, 78, 'Bangladeshi', '1', 1483628146),
(1166, 45, 6, 80, 'Within 60 miles/100 km', 'Within 60 miles/100 km', 1483628146),
(1167, 45, 6, 81, '3', '3', 1483628146),
(1168, 45, 6, 82, 'Less than N5m a year', 'Less than N5m a year', 1483628146),
(1169, 45, 6, 83, '2', '2', 1483628146),
(1170, 45, 6, 84, 'Comparison Website', 'Comparison Website', 1483628146);

--
-- Indexes for dumped tables
--

--
-- Indexes for table `match`
--
ALTER TABLE `match`
  ADD PRIMARY KEY (`match_id`);

--
-- Indexes for table `profile`
--
ALTER TABLE `profile`
  ADD PRIMARY KEY (`p_id`);

--
-- Indexes for table `question_bank`
--
ALTER TABLE `question_bank`
  ADD PRIMARY KEY (`question_id`);

--
-- Indexes for table `question_category`
--
ALTER TABLE `question_category`
  ADD PRIMARY KEY (`category_id`);

--
-- Indexes for table `response_bank`
--
ALTER TABLE `response_bank`
  ADD PRIMARY KEY (`response_id`);

--
-- AUTO_INCREMENT for dumped tables
--

--
-- AUTO_INCREMENT for table `match`
--
ALTER TABLE `match`
  MODIFY `match_id` int(11) NOT NULL AUTO_INCREMENT,AUTO_INCREMENT=2;
--
-- AUTO_INCREMENT for table `profile`
--
ALTER TABLE `profile`
  MODIFY `p_id` int(11) NOT NULL AUTO_INCREMENT,AUTO_INCREMENT=46;
--
-- AUTO_INCREMENT for table `question_bank`
--
ALTER TABLE `question_bank`
  MODIFY `question_id` int(11) NOT NULL AUTO_INCREMENT,AUTO_INCREMENT=86;
--
-- AUTO_INCREMENT for table `question_category`
--
ALTER TABLE `question_category`
  MODIFY `category_id` int(11) NOT NULL AUTO_INCREMENT,AUTO_INCREMENT=7;
--
-- AUTO_INCREMENT for table `response_bank`
--
ALTER TABLE `response_bank`
  MODIFY `response_id` int(11) NOT NULL AUTO_INCREMENT,AUTO_INCREMENT=1171;
/*!40101 SET CHARACTER_SET_CLIENT=@OLD_CHARACTER_SET_CLIENT */;
/*!40101 SET CHARACTER_SET_RESULTS=@OLD_CHARACTER_SET_RESULTS */;
/*!40101 SET COLLATION_CONNECTION=@OLD_COLLATION_CONNECTION */;
