-- phpMyAdmin SQL Dump
-- version 4.3.8
-- http://www.phpmyadmin.net
--
-- Host: localhost
-- Generation Time: Apr 02, 2016 at 08:08 AM
-- Server version: 5.5.42-37.1
-- PHP Version: 5.4.31

SET SQL_MODE = "NO_AUTO_VALUE_ON_ZERO";
SET time_zone = "+00:00";


/*!40101 SET @OLD_CHARACTER_SET_CLIENT=@@CHARACTER_SET_CLIENT */;
/*!40101 SET @OLD_CHARACTER_SET_RESULTS=@@CHARACTER_SET_RESULTS */;
/*!40101 SET @OLD_COLLATION_CONNECTION=@@COLLATION_CONNECTION */;
/*!40101 SET NAMES utf8 */;

--
-- Database: `wwwbytes_secretroom`
--

-- --------------------------------------------------------

--
-- Table structure for table `match`
--

CREATE TABLE IF NOT EXISTS `match` (
  `match_id` int(11) NOT NULL,
  `match_type` varchar(5) COLLATE utf8_unicode_ci NOT NULL,
  `f_cid` int(11) NOT NULL,
  `f_qid` int(11) NOT NULL,
  `s_cid` int(11) NOT NULL,
  `s_qid` int(11) NOT NULL,
  `m_cid` int(11) NOT NULL,
  `m_qid` int(11) NOT NULL,
  `m_range` int(11) NOT NULL,
  `last_update` varchar(50) COLLATE utf8_unicode_ci NOT NULL,
  `date_created` varchar(50) COLLATE utf8_unicode_ci NOT NULL
) ENGINE=MyISAM AUTO_INCREMENT=2 DEFAULT CHARSET=utf8 COLLATE=utf8_unicode_ci;

--
-- Dumping data for table `match`
--

INSERT INTO `match` (`match_id`, `match_type`, `f_cid`, `f_qid`, `s_cid`, `s_qid`, `m_cid`, `m_qid`, `m_range`, `last_update`, `date_created`) VALUES
(1, 'p', 1, 6, 1, 5, 0, 0, 0, '1457019295', '1457019295');

-- --------------------------------------------------------

--
-- Table structure for table `profile`
--

CREATE TABLE IF NOT EXISTS `profile` (
  `p_id` int(11) NOT NULL,
  `p_email` varchar(100) COLLATE utf8_unicode_ci NOT NULL,
  `p_pass` varchar(100) COLLATE utf8_unicode_ci NOT NULL,
  `p_name` varchar(100) COLLATE utf8_unicode_ci NOT NULL,
  `p_gender` varchar(10) COLLATE utf8_unicode_ci NOT NULL,
  `p_age` varchar(10) COLLATE utf8_unicode_ci NOT NULL,
  `p_height` varchar(10) COLLATE utf8_unicode_ci NOT NULL,
  `p_timestamp` varchar(20) COLLATE utf8_unicode_ci NOT NULL
) ENGINE=MyISAM AUTO_INCREMENT=23 DEFAULT CHARSET=utf8 COLLATE=utf8_unicode_ci;

--
-- Dumping data for table `profile`
--

INSERT INTO `profile` (`p_id`, `p_email`, `p_pass`, `p_name`, `p_gender`, `p_age`, `p_height`, `p_timestamp`) VALUES
(1, 'Olushola', '3a74de75b9a353a99fd963f5b6ca252f', '', '', '', '', '1455929923'),
(2, 'Olushola', '3a74de75b9a353a99fd963f5b6ca252f', '', '', '', '', '1455929992'),
(3, 'egrfgersddsf', '5056d45248cbbc2eb84f236a74780e4c', '', '', '', '', '1455932036'),
(4, 'buchanora', 'abe57544215b91ba8447eb1cf43ea41b', '', '', '', '', '1456348047'),
(5, 'buchanora', 'abe57544215b91ba8447eb1cf43ea41b', '', '', '', '', '1456830239'),
(6, 'Olushola@yahoo.com', 'd8578edf8458ce06fbc5bb76a58c5ca4', '', '', '', '', '1457022210'),
(7, 'buchanora', 'abe57544215b91ba8447eb1cf43ea41b', '', '', '', '', '1457902825'),
(8, 'buchanora', 'abe57544215b91ba8447eb1cf43ea41b', '', '', '', '', '1458062912'),
(9, 'buchanora', 'abe57544215b91ba8447eb1cf43ea41b', '', '', '', '', '1458425858'),
(10, 'buchanora', 'abe57544215b91ba8447eb1cf43ea41b', '', '', '', '', '1458426582'),
(11, 'ssdfsdf@DSfsdf.sds', 'e1db3dd39a7c5de71266db30cdd0443b', '', '', '', '', '1458639412'),
(12, 'juuuuu@yahoo.com', 'f14029217ff5e7a50cdc7e70f686cf29', '', '', '', '', '1458651061'),
(13, 'juuuuu@yahoo.com', 'f14029217ff5e7a50cdc7e70f686cf29', '', '', '', '', '1458651075'),
(14, 'uuuuu@yahoo.com', '50f84daf3a6dfd6a9f20c9f8ef428942', '', '', '', '', '1458841242'),
(15, 'uuuuu@yahoo.com', '50f84daf3a6dfd6a9f20c9f8ef428942', '', '', '', '', '1458841253'),
(16, 'uuuuu@yahoo.com', '50f84daf3a6dfd6a9f20c9f8ef428942', '', '', '', '', '1458841286'),
(17, 'uuuuu@yahoo.com', '50f84daf3a6dfd6a9f20c9f8ef428942', '', '', '', '', '1458841286'),
(18, 'uuuuu@yahoo.com', '50f84daf3a6dfd6a9f20c9f8ef428942', '', '', '', '', '1458841287'),
(19, 'uuuuu@yahoo.com', '50f84daf3a6dfd6a9f20c9f8ef428942', '', '', '', '', '1458841287'),
(20, 'uuuuu@yahoo.com', '50f84daf3a6dfd6a9f20c9f8ef428942', '', '', '', '', '1458841287'),
(21, 'uuuuu@yahoo.com', '50f84daf3a6dfd6a9f20c9f8ef428942', '', '', '', '', '1458841288'),
(22, 'uuuuu@yahoo.com', '50f84daf3a6dfd6a9f20c9f8ef428942', '', '', '', '', '1458841288');

-- --------------------------------------------------------

--
-- Table structure for table `question_bank`
--

CREATE TABLE IF NOT EXISTS `question_bank` (
  `question_id` int(11) NOT NULL,
  `question_text` varchar(500) NOT NULL,
  `question_category` varchar(50) NOT NULL,
  `question_order` int(11) NOT NULL,
  `question_type` varchar(50) NOT NULL,
  `question_response_options` varchar(1500) NOT NULL,
  `question_scale` varchar(500) NOT NULL,
  `question_response_min` int(11) NOT NULL,
  `question_response_max` int(11) NOT NULL,
  `question_weight` int(11) NOT NULL,
  `question_updated` varchar(50) NOT NULL,
  `question_created` varchar(50) NOT NULL
) ENGINE=InnoDB AUTO_INCREMENT=75 DEFAULT CHARSET=latin1;

--
-- Dumping data for table `question_bank`
--

INSERT INTO `question_bank` (`question_id`, `question_text`, `question_category`, `question_order`, `question_type`, `question_response_options`, `question_scale`, `question_response_min`, `question_response_max`, `question_weight`, `question_updated`, `question_created`) VALUES
(5, 'What is your gender ?', '1', 0, 'mp', 'Male | Female', '', 1, 1, 0, '1453193129', '1453193129'),
(6, 'Please confirm the gender of your desired partner ?', '1', 0, 'mp', 'Male | Female', '', 1, 1, 0, '1453193273', '1453193273'),
(7, 'Where do you live ?', '1', 0, 'mp', 'get_country()', '', 1, 1, 0, '1453193379', '1453193379'),
(8, 'What is your state of origin ?', '1', 0, 'mp', 'get_state()', '', 1, 1, 0, '1456488300', '1453193484'),
(9, 'What country are you from ?', '1', 0, 'mp', 'get_country()', '', 1, 1, 0, '1457900473', '1453193643'),
(10, 'What region/country should your desired partner come from ?', '1', 0, 'mp', 'get_country()', '', 1, 1, 0, '1454074275', '1453193711'),
(11, 'The state of origin of my desired partner is ?', '1', 0, 's', '', 'Not Important|Important| Very Important', 1, 1, 0, '1454331089', '1453193781'),
(12, 'The LGA of my desired partner is ?', '1', 0, 's', '', 'Not Important| Important| Very Important', 1, 1, 0, '1454331121', '1453193835'),
(13, 'How important is the location of your partner ?', '1', 0, 's', '', 'Not Important | Important| Very Important', 1, 1, 0, '1454331154', '1453193897'),
(14, 'How old are you ?', '1', 0, 'mp', 'get_age()', '', 1, 1, 0, '1454331716', '1453193931'),
(15, 'What is the preferred age of your desired partner?', '', 0, 'tb', '', '', 1, 1, 0, '1453193993', '1453193993'),
(16, 'The age of my partner is ?', '1', 0, 's', '', 'Not Important| Important|  Very Important', 1, 1, 0, '1454331217', '1453194027'),
(17, 'What is your height ?', '1', 0, 'mp', 'get_height()', '', 1, 1, 0, '1455642428', '1453194074'),
(18, 'The height of my partner is ?', '1', 0, 's', '', 'Not Important| Important| Very Important', 1, 1, 0, '1454331252', '1453194151'),
(19, 'What is your relationship status?', '1', 0, 'mp', 'never been married | divorced | separated | widow / widower | divorced with kids | never been married but with kids\r\n', '', 1, 1, 0, '1455642362', '1453495666'),
(20, 'If divorced with kids or never been married but with kids, how many kids?', '1', 0, 'tb', '', '', 1, 1, 0, '1453495720', '1453495720'),
(21, 'The relationship status of my  desired partner is ?', '1', 0, 's', '', 'Not Important|Important| Very Important', 1, 1, 0, '1453495770', '1453495770'),
(22, 'How well will you describe your spirituality ?', '1', 0, 'mp', 'I am religious but not spiritual | I am spiritual but not religious | I am religious and spiritual | I am neither', '', 1, 1, 0, '1455643202', '1453495866'),
(23, 'What is your practicing belief?', '1', 0, 'mp', 'Muslim | catholic | Pentecostal | Anglican | Judaism |Budahism | None', '', 1, 1, 0, '1457353998', '1453495932'),
(24, 'What belief should your partner belong to ?', '1', 0, 'mp', 'Muslim | catholic | Pentecostal | I don''t mind | Anglican | Judaism | Budhist', '', 1, 1, 0, '1457902495', '1453496139'),
(25, 'The religion or spirituality of my partner is ?', '1', 0, 's', '', 'Not Important|Important| Very Important', 1, 1, 0, '1453496210', '1453496210'),
(26, 'What is your highest level of education?', '2', 0, 'mp', 'No Education | Primary Education | Grammar School / Secondary / Apprenticeship | Bachelor''s Degree |Master''s Degree | Doctorate', '', 1, 1, 0, '1453496504', '1453496504'),
(27, 'The preferred level of education of my partner is?', '2', 0, 'mp', 'No Education | Primary Education | Grammar School / Secondary / Apprenticeship | Bachelor''s Degree | Master''s Degree | Doctorate', '', 1, 1, 0, '1453501573', '1453501573'),
(28, 'The education level of my partner is?', '2', 0, 's', '', 'Not Important| Important| Very Important', 1, 1, 0, '1453501616', '1453501616'),
(29, 'Are you in paid employment or self-employed?\r\n', '2', 0, 'mp', 'Paid Employmennt | Self-employed', '', 1, 1, 0, '1453501710', '1453501710'),
(30, 'What is your profession?', '2', 0, 'tb', '', '', 1, 1, 0, '1454008227', '1453501751'),
(31, 'The profession of my partner is?', '2', 0, 's', '', 'Not Important| Important| Very Important', 1, 1, 0, '1453501877', '1453501877'),
(32, 'How well does this apply to you?  I will like my partner to...', '1', 0, 'mp', 'Work in a corporate environment | Have his/her own business | I don’t mind either', '', 1, 1, 0, '1453502006', '1453502006'),
(33, 'Which of these best describes you ?', '3', 0, 'mp', 'Trendy | Attractive  | Athletic | Overweight | Plain | Curvy | Slim | light skinned | dark skinned | brown\r\n', '', 1, 0, 0, '1453502149', '1453502149'),
(34, 'How satisfied are you with your looks ?', '3', 0, 's', '', 'Not satisfied |  Satisfied | Very satisfied ', 1, 1, 0, '1453502254', '1453502254'),
(35, 'It is important that my partner is has an attractive appearance?', '', 0, '', '', 'Not Important| Important| Very Important', 1, 1, 0, '1453502304', '1453502304'),
(36, 'How well does the following describe you ?', '3', 0, 'sm', 'I do things according to plan. |\r\nI make out time for others. |\r\nI often feel overwhelmed by things |\r\nI love  helping others |\r\nI love to seek adventure. |\r\nI often leave a mess in my room. |\r\nMy contributions usually raise the level of conversation. |\r\nI become stressed easily. |\r\nI often try to make sure that other people feel good. |\r\nI''m good at analysing problems. |\r\nI stand up for myself and my interests. |\r\nI get easily discouraged.|\r\nI can handle a great deal of information |\r\nI often waste my time. |\r\nI grasp situations quickly |\r\nI usually wait for others to take the initiative. |\r\nI like order and regularity. |\r\nI like to do nice things for other people. |\r\nI can be impatient |\r\nI love intellectual discussions |\r\nI am good at analysing problems\r\n', 'Not me at all| Slightly me| That’s exactly me', 0, 0, 0, '1453502911', '1453502680'),
(37, 'It is important that my partner has an attractive appearance?', '3', 0, 's', '', 'Not Important| Important| Very Important', 1, 1, 0, '1453503229', '1453503229'),
(45, 'How well does the following describe you? Use the scale to answer', '5', 0, 'sm', 'My religious belief is important to me.|\r\nI have a great sense of humour.|\r\nI enjoy talking to people in social situations.|\r\nI am satisfied with my emotional development.|\r\nI have a strong desire for sex.|\r\nI believe that monogamy is essential in a relationship.|\r\nConversing with new people is easy for me.|\r\nI consider myself to be well-adjusted.|\r\nI care about appearances.|\r\nI laugh often.|\r\nI like to be in situations where I meet new people.|\r\nI can easily make other people laugh.|\r\nMy emotional state is stable.|\r\nI feel it’s important to continually try to improve myself.|\r\nI feel unable to deal with things.|\r\nI ask questions in search of information.|\r\nMarriage is important to me and should also be a priority for my partner.\r\n', 'Not me at all| Slightly me| That’s exactly me', 0, 0, 0, '1455026350', '1453578958'),
(46, 'How well does the following describe you? Use the scale to answer', '5', 0, 'sm', 'I''m proud of my education.|\r\nI have to be in control of a situation.|\r\nI get upset quickly.|\r\nI either like or hate new people.|\r\nI feel better around others.|\r\nI take my anger out on others.|\r\nI like to stay fit.|\r\nI''m always prepared.|\r\nI pay attention to detail.|\r\nI always accomplish a lot.|\r\nI like a lot of variety.|\r\nI have good social skills.|\r\nI get easily discouraged.\r\n', 'Not me at all| Slightly me| That’s exactly me', 0, 0, 0, '1455026390', '1453579053'),
(47, 'Please indicate five emotions that best describes you in the last couple of months. Use the scale to answer', '5', 0, 'sm', 'Happy|\r\nSad|\r\nWorried|\r\nConfident|\r\nHopeful|\r\nAnxious about the future|\r\nFurious|\r\nCalm|\r\nFortunate|\r\nOut of control|\r\nFulfilled|\r\nDepressed|\r\nEnergetic|\r\nTired|\r\nSuccessful|\r\nUnable to cope|\r\nContent|\r\nMisunderstood|\r\nSecure|\r\nParanoid', 'Never| Sometimes| Most times', 0, 5, 0, '1455026461', '1453579196'),
(48, 'In a relationship, I consider the following issues? Use the scale to answer.\n', '', 0, '', 'Moral values|\r\nMotivation|\r\nFun and relaxation|\r\nReliability|\r\nSex appeal|\r\nExperimentation|\r\nSimilar beliefs|\r\nRisk taking|\r\nPhysical appearance|\r\nOur chemistry|\r\nOur similarities|\r\nAffection|\r\nPersonality|\r\nKindness|\r\nSexual compatibility|\r\nAbility to communicate|\r\nHonesty|', 'Not Important| Important| Very Important', 0, 0, 0, '1453579431', '1453579431'),
(50, 'What three things are you most grateful for in your life, past and present?', '5', 0, 'tb', '', '', 3, 3, 0, '1455026508', '1453651866'),
(51, 'How interested will you be in a partner that has the following hobbies?', '5', 0, 'sm', 'Music|\r\nAdventure Sports|\r\nFine Food and Dining|\r\nTeam Sports (Football, Rugby, Cricket etc.)|\r\nArts and Crafts|\r\nTheatre / Dance / Opera / Ballet|\r\nRacket Sports|\r\nNature / Gardening|\r\nSocialising / Clubbing|\r\nPhilanthropy|\r\nMovies / Cinema|\r\nTravel|\r\nArt|\r\nPhotography|\r\nSailing / Windsurfing / Water Sports|\r\nLiterature / Reading|\r\nHealth and Fitness|\r\nHiking / Climbing', 'Not interested| Somewhat interested| Very interested', 0, 0, 0, '1455026552', '1453652120'),
(52, 'We all have different things we are passionate about. What’s yours?\r\n', '5', 0, 'mp', 'Spending time with family|\r\nSpending time with friends|\r\nLive music and concerts|\r\nSpending time outdoors|\r\nSpending time indoors|\r\nParticipation in the religious activities|\r\nPlaying musical instruments / Singing|\r\nScience / Technology|\r\nPersonal development|\r\nCharity work|\r\nWatching sporting events|\r\nCookery|\r\nHouse keeping|\r\nSwimming|\r\nCycling|\r\nComedy|\r\nGalleries and Museum|\r\nRunning / Jogging|\r\nLanguages|\r\nWriting / Blogging|\r\nPC and Console gaming|\r\nPolitics / Current Affairs', '', 0, 0, 0, '1455026579', '1453652257'),
(53, 'Please describe two to three activities that you enjoy most in your leisure time?\r\n', '5', 0, 'tb', '', '', 2, 3, 0, '1453652318', '1453652318'),
(55, 'How often do you smoke? ', '', 0, 'mp', 'Never|\r\nseveral times a year|\r\nabout once a week| \r\nA few times a week|\r\nevery day|', '', 1, 1, 0, '1453652497', '1453652497'),
(56, 'which smoking habits you would you accept from your partner?', '5', 0, 'mp', 'Never|\r\nseveral times a year|\r\nabout once a week| \r\nA few times a week|\r\nevery day', '', 1, 1, 0, '1455030145', '1453652542'),
(57, 'Is the smoking habit of your partner important to you?', '5', 0, 's', '', 'Not Important| Important| Very Important', 1, 1, 0, '1453652672', '1453652672'),
(58, 'How often do you drink?', '5', 0, 'mp', 'Never|\r\nA few times a year|\r\nabout once a week|\r\nA few times a week|\r\nevery day', '', 1, 1, 0, '1455030177', '1453652752'),
(59, 'Which drinking habits you would accept from your partner', '5', 0, 'mp', 'Never| A few times a year| about once a week| A few times a week| every day', '', 1, 1, 0, '1455030211', '1453652880'),
(60, 'Is the drinking habit of your partner important to you?', '5', 0, 's', '', 'Not Important| Important| Very Important', 1, 1, 0, '1453652917', '1453652917'),
(61, 'Do you have any children up to the age of 18 that currently lives in your household?', '5', 0, 'mp', 'I have none|\r\nTwo children|\r\nThree or more children\r\n', '', 1, 1, 0, '1453653012', '1453653012'),
(62, 'Will you consider having children or adopting with your partner and raising a family?', '5', 0, 'mp', 'Yes, definitely |\r\nMaybe |\r\nNo thank you\r\n', '', 1, 1, 0, '1455030276', '1453653177'),
(63, 'Are you open to meeting a partner who has children under the age of 18 ?', '5', 0, 'mp', 'Yes |\r\nNo', '', 1, 1, 0, '1455030331', '1453653262'),
(66, '', '', 0, '', '', '', 0, 0, 0, '1456822445', '1456822445'),
(67, '', '', 0, '', '', '', 0, 0, 0, '1456822548', '1456822548'),
(68, '', '', 0, '', '', '', 0, 0, 0, '1456822705', '1456822705'),
(69, '', '', 0, '', '', '', 0, 0, 0, '1456822992', '1456822992'),
(70, '', '', 0, '', '', '', 0, 0, 0, '1456823107', '1456823107'),
(71, '', '', 0, '', '', '', 0, 0, 0, '1456823219', '1456823219'),
(72, '', '', 0, '', '', '', 0, 0, 0, '1456823927', '1456823927'),
(73, '', '', 0, '', '', '', 0, 0, 0, '1456823969', '1456823969'),
(74, '1', '', 0, '', '', '', 0, 0, 0, '1456824054', '1456824054');

-- --------------------------------------------------------

--
-- Table structure for table `question_category`
--

CREATE TABLE IF NOT EXISTS `question_category` (
  `category_id` int(11) NOT NULL,
  `category_title` varchar(50) NOT NULL,
  `category_description` varchar(500) NOT NULL,
  `category_order` int(11) NOT NULL,
  `category_updated` varchar(50) NOT NULL,
  `category_created` varchar(50) NOT NULL
) ENGINE=InnoDB AUTO_INCREMENT=6 DEFAULT CHARSET=latin1;

--
-- Dumping data for table `question_category`
--

INSERT INTO `question_category` (`category_id`, `category_title`, `category_description`, `category_order`, `category_updated`, `category_created`) VALUES
(1, 'Personal Details', 'Tell us about yourself', 0, '1457084432', '1452869119'),
(2, 'Professional Details', 'Where did u go to school', 0, '1452869119', '1452869119'),
(3, 'Qualities', 'This describes your major qualities', 0, '1452869119', '1452869119'),
(5, 'Personal Description', 'Personal Assessment about some qualities ', 0, '1453503337', '1453503337');

-- --------------------------------------------------------

--
-- Table structure for table `response_bank`
--

CREATE TABLE IF NOT EXISTS `response_bank` (
  `response_id` int(11) NOT NULL,
  `profile_id` int(11) NOT NULL,
  `category_id` int(11) NOT NULL,
  `question_id` int(11) NOT NULL,
  `question_response` varchar(500) COLLATE utf8_unicode_ci NOT NULL,
  `question_subresponse` varchar(500) COLLATE utf8_unicode_ci NOT NULL,
  `timestamp` int(11) NOT NULL
) ENGINE=MyISAM AUTO_INCREMENT=1376 DEFAULT CHARSET=utf8 COLLATE=utf8_unicode_ci;

--
-- Dumping data for table `response_bank`
--

INSERT INTO `response_bank` (`response_id`, `profile_id`, `category_id`, `question_id`, `question_response`, `question_subresponse`, `timestamp`) VALUES
(1, 3, 1, 5, 'Female', 'Female', 1455932036),
(2, 3, 1, 6, 'Male', 'Male', 1455932036),
(3, 3, 1, 7, 'get_country()', 'DZ', 1455932074),
(4, 3, 1, 8, 'get_state()', 'Ado|Agatu|Apa|Buruku|Gboko|Guma|Gwer East|Gwer West|Katsina-Ala|Konshisha|Kwande|Logo|Makurdi|Obi|Ogbadibo|Oju|Okpokwu|Ohimini|Oturkpo|Tarka|Ukum|Ushongo|Vandeikya', 1455932074),
(5, 3, 1, 9, 'get_youfrom()', 'Katsina-Ala', 1455932074),
(6, 3, 1, 10, 'get_country()', 'DZ', 1455932074),
(7, 3, 1, 11, '5', '5', 1455932074),
(8, 3, 1, 12, '4', '4', 1455932074),
(9, 3, 1, 13, '5', '5', 1455932074),
(10, 4, 1, 5, 'Female', 'Female', 1456348047),
(11, 4, 1, 6, 'Male', 'Male', 1456348047),
(12, 4, 1, 7, 'get_country()', 'AR', 1456348047),
(13, 4, 1, 8, 'get_state()', 'Aguata|Anambra East|Anambra West|Anaocha|Awka North|Awka South|Ayamelum|Dunukofia|Ekwusigo|Idemili North|Idemili south|Ihiala|Njikoka|Nnewi North|Nnewi South|Ogbaru|Onitsha North|Onitsha South|Orumba North|Orumba South|Oyi', 1456348047),
(14, 4, 1, 9, 'get_youfrom()', 'Idemili North', 1456348047),
(15, 4, 1, 10, 'get_country()', 'AG', 1456348047),
(16, 4, 1, 11, '6', '6', 1456348047),
(17, 4, 1, 12, '5', '5', 1456348047),
(18, 4, 1, 13, '3', '3', 1456348047),
(19, 4, 1, 14, 'get_age()', '46-50', 1456348047),
(20, 4, 1, 16, '4', '4', 1456348047),
(21, 4, 1, 17, 'get_height()', '3-4 feet', 1456348047),
(22, 4, 1, 18, '4', '4', 1456348047),
(23, 4, 1, 19, 'never been married', 'never been married', 1456348047),
(24, 4, 1, 21, '4', '4', 1456348047),
(25, 4, 1, 22, 'I am religious but not spiritual', 'I am religious but not spiritual', 1456348047),
(26, 4, 1, 23, 'catholic', 'catholic', 1456348047),
(27, 4, 1, 24, 'Pentecostal', 'Pentecostal', 1456348047),
(28, 4, 1, 25, '3', '3', 1456348047),
(29, 4, 1, 32, 'Work in a corporate environment', 'Work in a corporate environment', 1456348047),
(30, 4, 1, 65, '', '1', 1456348047),
(31, 4, 2, 26, 'Primary Education', 'Primary Education', 1456348047),
(32, 4, 2, 27, 'No Education', 'No Education', 1456348047),
(33, 4, 2, 28, '4', '4', 1456348047),
(34, 4, 2, 29, 'Self-employed', 'Self-employed', 1456348047),
(35, 4, 2, 30, '1', 'edefefe', 1456348047),
(36, 4, 2, 31, '4', '4', 1456348047),
(37, 4, 3, 33, 'Trendy', '1', 1456348047),
(38, 4, 3, 33, 'Attractive', '', 1456348047),
(39, 4, 3, 33, 'Athletic', '1', 1456348047),
(40, 4, 3, 33, 'Overweight', '', 1456348047),
(41, 4, 3, 33, 'Plain', '', 1456348047),
(42, 4, 3, 33, 'Curvy', '1', 1456348047),
(43, 4, 3, 33, 'Slim', '', 1456348047),
(44, 4, 3, 33, 'light skinned', '', 1456348047),
(45, 4, 3, 33, 'dark skinned', '', 1456348047),
(46, 4, 3, 33, 'brown', '1', 1456348047),
(47, 4, 3, 34, '6', '6', 1456348047),
(48, 4, 3, 36, 'I do things according to plan.', '6', 1456348047),
(49, 4, 3, 36, 'I make out time for others.', '', 1456348047),
(50, 4, 3, 36, 'I often feel overwhelmed by things', '', 1456348047),
(51, 4, 3, 36, 'I love  helping others', '', 1456348047),
(52, 4, 3, 36, 'I love to seek adventure.', '', 1456348047),
(53, 4, 3, 36, 'I often leave a mess in my room.', '', 1456348047),
(54, 4, 3, 36, 'My contributions usually raise the level of conversation.', '', 1456348047),
(55, 4, 3, 36, 'I become stressed easily.', '', 1456348047),
(56, 4, 3, 36, 'I often try to make sure that other people feel good.', '', 1456348047),
(57, 4, 3, 36, 'I''m good at analysing problems.', '', 1456348047),
(58, 4, 3, 36, 'I stand up for myself and my interests.', '', 1456348047),
(59, 4, 3, 36, 'I get easily discouraged.', '', 1456348047),
(60, 4, 3, 36, 'I can handle a great deal of information', '', 1456348047),
(61, 4, 3, 36, 'I often waste my time.', '', 1456348047),
(62, 4, 3, 36, 'I grasp situations quickly', '', 1456348047),
(63, 4, 3, 36, 'I usually wait for others to take the initiative.', '', 1456348047),
(64, 4, 3, 36, 'I like order and regularity.', '', 1456348047),
(65, 4, 3, 36, 'I like to do nice things for other people.', '', 1456348047),
(66, 4, 3, 36, 'I can be impatient', '', 1456348047),
(67, 4, 3, 36, 'I love intellectual discussions', '', 1456348047),
(68, 4, 3, 36, 'I am good at analysing problems', '', 1456348047),
(69, 4, 3, 37, '5', '5', 1456348047),
(70, 4, 4, 1, '1', 'uyfyfydftdftyy', 1456348047),
(71, 4, 5, 38, 'I come across as very warm', '6', 1456348047),
(72, 4, 5, 38, 'I am always sincere', '4', 1456348047),
(73, 4, 5, 38, 'I am outgoing', '6', 1456348047),
(74, 4, 5, 38, 'Clever', '', 1456348047),
(75, 4, 5, 38, 'Domineering', '', 1456348047),
(76, 4, 5, 38, 'Ambitious', '', 1456348047),
(77, 4, 5, 38, 'Intelligent', '', 1456348047),
(78, 4, 5, 38, 'Extroverted', '', 1456348047),
(79, 4, 5, 38, 'Introverted', '', 1456348047),
(80, 4, 5, 38, 'Submissive', '', 1456348047),
(81, 4, 5, 38, 'Argumentative', '', 1456348047),
(82, 4, 5, 38, 'Cold', '', 1456348047),
(83, 4, 5, 38, 'Stable', '', 1456348047),
(84, 4, 5, 38, 'Energetic', '', 1456348047),
(85, 5, 1, 5, 'Male', 'Male', 1456830239),
(86, 5, 1, 6, 'Female', 'Female', 1456830239),
(87, 5, 1, 7, 'get_country()', 'AM', 1456830239),
(88, 5, 1, 8, 'get_state()', 'Abakaliki|Afikpo North|Afikpo South|Ebonyi|Ezza|Ezza South|Ishielu|Ivo|Ohaozara|Ohaukwu|Onicha|lkwo', 1456830239),
(89, 5, 1, 9, 'get_youfrom()', 'Ivo', 1456830239),
(90, 5, 1, 10, 'get_country()', 'AM', 1456830239),
(91, 5, 1, 11, '6', '6', 1456830239),
(92, 5, 1, 12, '3', '3', 1456830239),
(93, 5, 1, 13, '6', '6', 1456830239),
(94, 5, 1, 14, 'get_age()', '46-50', 1456830239),
(95, 5, 1, 16, '4', '4', 1456830239),
(96, 5, 1, 17, 'get_height()', '3-4 feet', 1456830239),
(97, 5, 1, 18, '5', '5', 1456830239),
(98, 5, 1, 19, 'never been married', 'never been married', 1456830239),
(99, 5, 1, 21, '6', '6', 1456830239),
(100, 5, 1, 22, 'I am religious but not spiritual', 'I am religious but not spiritual', 1456830239),
(101, 5, 1, 23, 'catholic', 'catholic', 1456830239),
(102, 5, 1, 24, 'Muslim', 'Muslim', 1456830239),
(103, 5, 1, 25, '3', '3', 1456830239),
(104, 5, 1, 32, 'Work in a corporate environment', 'Work in a corporate environment', 1456830239),
(105, 5, 1, 65, '', '1', 1456830239),
(106, 5, 2, 26, 'Bachelor''s Degree', 'Bachelor''s Degree', 1456830239),
(107, 5, 2, 27, 'Bachelor''s Degree', 'Bachelor''s Degree', 1456830239),
(108, 5, 2, 28, '4', '4', 1456830239),
(109, 5, 2, 29, 'Self-employed', 'Self-employed', 1456830239),
(110, 5, 2, 30, '1', 'eryyreyyry', 1456830239),
(111, 5, 2, 31, '4', '4', 1456830239),
(112, 5, 2, 81, '0', '0', 1456830239),
(113, 5, 3, 33, 'Trendy', '', 1456830239),
(114, 5, 3, 33, 'Attractive', '', 1456830239),
(115, 5, 3, 33, 'Athletic', '', 1456830239),
(116, 5, 3, 33, 'Overweight', '1', 1456830239),
(117, 5, 3, 33, 'Plain', '', 1456830239),
(118, 5, 3, 33, 'Curvy', '1', 1456830239),
(119, 5, 3, 33, 'Slim', '1', 1456830239),
(120, 5, 3, 33, 'light skinned', '', 1456830239),
(121, 5, 3, 33, 'dark skinned', '1', 1456830239),
(122, 5, 3, 33, 'brown', '1', 1456830239),
(123, 5, 3, 34, '3', '3', 1456830239),
(124, 5, 3, 36, 'I do things according to plan.', '6', 1456830239),
(125, 5, 3, 36, 'I make out time for others.', '4', 1456830239),
(126, 5, 3, 36, 'I often feel overwhelmed by things', '6', 1456830239),
(127, 5, 3, 36, 'I love  helping others', '6', 1456830239),
(128, 5, 3, 36, 'I love to seek adventure.', '6', 1456830239),
(129, 5, 3, 36, 'I often leave a mess in my room.', '6', 1456830239),
(130, 5, 3, 36, 'My contributions usually raise the level of conversation.', '6', 1456830239),
(131, 5, 3, 36, 'I become stressed easily.', '6', 1456830239),
(132, 5, 3, 36, 'I often try to make sure that other people feel good.', '6', 1456830239),
(133, 5, 3, 36, 'I''m good at analysing problems.', '6', 1456830239),
(134, 5, 3, 36, 'I stand up for myself and my interests.', '6', 1456830239),
(135, 5, 3, 36, 'I get easily discouraged.', '6', 1456830239),
(136, 5, 3, 36, 'I can handle a great deal of information', '6', 1456830239),
(137, 5, 3, 36, 'I often waste my time.', '6', 1456830239),
(138, 5, 3, 36, 'I grasp situations quickly', '6', 1456830239),
(139, 5, 3, 36, 'I usually wait for others to take the initiative.', '6', 1456830239),
(140, 5, 3, 36, 'I like order and regularity.', '6', 1456830239),
(141, 5, 3, 36, 'I like to do nice things for other people.', '6', 1456830239),
(142, 5, 3, 36, 'I can be impatient', '6', 1456830239),
(143, 5, 3, 36, 'I love intellectual discussions', '6', 1456830239),
(144, 5, 3, 36, 'I am good at analysing problems', '6', 1456830239),
(145, 5, 3, 37, '6', '6', 1456830239),
(146, 5, 4, 1, '1', 'rtrrghtytryt', 1456830239),
(147, 5, 5, 38, 'I come across as very warm', '6', 1456830239),
(148, 5, 5, 38, 'I am always sincere', '6', 1456830239),
(149, 5, 5, 38, 'I am outgoing', '6', 1456830239),
(150, 5, 5, 38, 'Clever', '6', 1456830239),
(151, 5, 5, 38, 'Domineering', '6', 1456830239),
(152, 5, 5, 38, 'Ambitious', '6', 1456830239),
(153, 5, 5, 38, 'Intelligent', '6', 1456830239),
(154, 5, 5, 38, 'Extroverted', '6', 1456830239),
(155, 5, 5, 38, 'Introverted', '6', 1456830239),
(156, 5, 5, 38, 'Submissive', '6', 1456830239),
(157, 5, 5, 38, 'Argumentative', '6', 1456830239),
(158, 5, 5, 38, 'Cold', '6', 1456830239),
(159, 5, 5, 38, 'Stable', '6', 1456830239),
(160, 5, 5, 38, 'Energetic', '6', 1456830239),
(161, 5, 5, 39, 'Adventurous', '6', 1456830239),
(162, 5, 5, 39, 'Frugal', '6', 1456830239),
(163, 5, 5, 39, 'Predictable', '6', 1456830239),
(164, 5, 5, 39, 'Compassionate', '6', 1456830239),
(165, 5, 5, 39, 'Intelligent', '6', 1456830239),
(166, 5, 5, 39, 'Sympathetic', '5', 1456830239),
(167, 5, 5, 39, 'Attractive', '4', 1456830239),
(168, 5, 5, 39, 'Loyal', '3', 1456830239),
(169, 5, 5, 39, 'Witty', '4', 1456830239),
(170, 5, 5, 39, 'Spontaneous', '5', 1456830239),
(171, 5, 5, 39, 'Sensitive', '6', 1456830239),
(172, 5, 5, 39, 'Unsuccessful', '5', 1456830239),
(173, 5, 5, 39, 'Generous', '4', 1456830239),
(174, 5, 5, 39, 'Witty', '3', 1456830239),
(175, 5, 5, 39, 'Quarrelsome', '4', 1456830239),
(176, 5, 5, 39, 'Optimistic', '5', 1456830239),
(177, 5, 5, 39, 'Passionate', '6', 1456830239),
(178, 5, 5, 39, 'Funny', '5', 1456830239),
(179, 5, 5, 41, 'Open', '4', 1456830239),
(180, 5, 5, 41, 'Self-aware', '3', 1456830239),
(181, 5, 5, 41, 'Achiever', '2', 1456830239),
(182, 5, 5, 41, 'Lively', '1', 1456830239),
(183, 5, 5, 41, 'Leader', '2', 1456830239),
(184, 5, 5, 41, 'Irritable', '3', 1456830239),
(185, 5, 5, 41, 'Friendly', '4', 1456830239),
(186, 5, 5, 41, 'Calm', '5', 1456830239),
(187, 5, 5, 41, 'Well informed', '6', 1456830239),
(188, 5, 5, 41, 'Aggressive', '5', 1456830239),
(189, 5, 5, 41, 'Outspoken', '4', 1456830239),
(190, 5, 5, 41, 'Affectionate', '3', 1456830239),
(191, 5, 5, 41, 'Open', '6', 1456830239),
(192, 5, 5, 41, 'Self-aware', '6', 1456830239),
(193, 5, 5, 41, 'Achiever', '6', 1456830239),
(194, 5, 5, 41, 'Lively', '6', 1456830239),
(195, 5, 5, 41, 'Leader', '6', 1456830239),
(196, 5, 5, 41, 'Irritable', '6', 1456830239),
(197, 5, 5, 41, 'Friendly', '6', 1456830239),
(198, 5, 5, 41, 'Calm', '6', 1456830239),
(199, 5, 5, 41, 'Well informed', '6', 1456830239),
(200, 5, 5, 41, 'Aggressive', '6', 1456830239),
(201, 5, 5, 41, 'Outspoken', '6', 1456830239),
(202, 5, 5, 41, 'Affectionate', '6', 1456830239),
(203, 5, 5, 41, 'Open', '', 1456830239),
(204, 5, 5, 41, 'Self-aware', '', 1456830239),
(205, 5, 5, 41, 'Achiever', '', 1456830239),
(206, 5, 5, 41, 'Lively', '', 1456830239),
(207, 5, 5, 41, 'Leader', '', 1456830239),
(208, 5, 5, 41, 'Irritable', '', 1456830239),
(209, 5, 5, 41, 'Friendly', '', 1456830239),
(210, 5, 5, 41, 'Calm', '', 1456830239),
(211, 5, 5, 41, 'Well informed', '', 1456830239),
(212, 5, 5, 41, 'Aggressive', '', 1456830239),
(213, 5, 5, 41, 'Outspoken', '', 1456830239),
(214, 5, 5, 41, 'Affectionate', '', 1456830239),
(215, 6, 1, 5, 'Female', 'Female', 1457022210),
(216, 6, 1, 5, 'Female', 'Female', 1457022210),
(217, 6, 1, 6, 'Male', 'Male', 1457022210),
(218, 6, 1, 7, 'get_country()', 'NG', 1457022210),
(219, 6, 1, 8, 'get_state()', 'Bakori|Batagarawa|Batsari|Baure|Bindawa|Charanchi|Dandume|Danja|Dan Musa|Daura|Dutsi|Dutsin-Ma|Faskari|Funtua|Ingawa|Jibia|Kafur|Kaita|Kankara|Kankia|Katsina|Kurfi|Kusada|Mai''Adua|Malumfashi|Mani|Mashi|Matazuu|Musawa|Rimi|Sabuwa|Safana|Sandamu|Zango', 1457022210),
(220, 6, 1, 9, 'get_youfrom()', 'Katsina', 1457022210),
(221, 6, 1, 10, 'get_country()', 'BO', 1457022210),
(222, 6, 1, 11, '5', '5', 1457022210),
(223, 6, 1, 12, '4', '4', 1457022210),
(224, 6, 1, 13, '5', '5', 1457022210),
(225, 6, 1, 14, 'get_age()', '26-30', 1457022210),
(226, 6, 1, 16, '5', '5', 1457022210),
(227, 6, 1, 17, 'get_height()', '4-5 feet', 1457022210),
(228, 6, 1, 18, '5', '5', 1457022210),
(229, 6, 1, 19, 'never been married', 'never been married', 1457022210),
(230, 6, 1, 21, '5', '5', 1457022210),
(231, 6, 1, 22, 'I am spiritual but not religious', 'I am spiritual but not religious', 1457022210),
(232, 6, 1, 23, 'Pentecostal', 'Pentecostal', 1457022210),
(233, 6, 1, 24, 'Pentecostal', 'Pentecostal', 1457022210),
(234, 6, 1, 25, '5', '5', 1457022210),
(235, 6, 1, 32, 'I don’t mind either', 'I don’t mind either', 1457022210),
(236, 6, 1, 65, '', '1', 1457022210),
(237, 6, 2, 26, 'No Education', 'No Education', 1457022210),
(238, 6, 2, 27, 'No Education', 'No Education', 1457022210),
(239, 6, 2, 28, '5', '5', 1457022210),
(240, 6, 2, 29, 'Self-employed', 'Self-employed', 1457022210),
(241, 6, 2, 30, '1', 'Electrician', 1457022210),
(242, 6, 2, 31, '5', '5', 1457022210),
(243, 6, 2, 81, '0', '0', 1457022210),
(244, 6, 3, 33, 'Trendy', '1', 1457022210),
(245, 6, 3, 33, 'Attractive', '', 1457022210),
(246, 6, 3, 33, 'Athletic', '', 1457022210),
(247, 6, 3, 33, 'Overweight', '', 1457022210),
(248, 6, 3, 33, 'Plain', '', 1457022210),
(249, 6, 3, 33, 'Curvy', '', 1457022210),
(250, 6, 3, 33, 'Slim', '1', 1457022210),
(251, 6, 3, 33, 'light skinned', '', 1457022210),
(252, 6, 3, 33, 'dark skinned', '', 1457022210),
(253, 6, 3, 33, 'brown', '1', 1457022210),
(254, 6, 3, 34, '5', '5', 1457022210),
(255, 6, 3, 36, 'I do things according to plan.', '5', 1457022210),
(256, 6, 3, 36, 'I make out time for others.', '4', 1457022210),
(257, 6, 3, 36, 'I often feel overwhelmed by things', '5', 1457022210),
(258, 6, 3, 36, 'I love  helping others', '6', 1457022210),
(259, 6, 3, 36, 'I love to seek adventure.', '5', 1457022210),
(260, 6, 3, 36, 'I often leave a mess in my room.', '4', 1457022210),
(261, 6, 3, 36, 'My contributions usually raise the level of conversation.', '5', 1457022210),
(262, 6, 3, 36, 'I become stressed easily.', '5', 1457022210),
(263, 6, 3, 36, 'I often try to make sure that other people feel good.', '6', 1457022210),
(264, 6, 3, 36, 'I''m good at analysing problems.', '5', 1457022210),
(265, 6, 3, 36, 'I stand up for myself and my interests.', '5', 1457022210),
(266, 6, 3, 36, 'I get easily discouraged.', '6', 1457022210),
(267, 6, 3, 36, 'I can handle a great deal of information', '5', 1457022210),
(268, 6, 3, 36, 'I often waste my time.', '5', 1457022210),
(269, 6, 3, 36, 'I grasp situations quickly', '4', 1457022210),
(270, 6, 3, 36, 'I usually wait for others to take the initiative.', '5', 1457022210),
(271, 6, 3, 36, 'I like order and regularity.', '5', 1457022210),
(272, 6, 3, 36, 'I like to do nice things for other people.', '4', 1457022210),
(273, 6, 3, 36, 'I can be impatient', '5', 1457022210),
(274, 6, 3, 36, 'I love intellectual discussions', '4', 1457022210),
(275, 6, 3, 36, 'I am good at analysing problems', '5', 1457022210),
(276, 6, 3, 37, '5', '5', 1457022210),
(277, 6, 4, 1, '1', 'Olu Jacobs', 1457022210),
(278, 6, 5, 38, 'I come across as very warm', '5', 1457022210),
(279, 6, 5, 38, 'I am always sincere', '4', 1457022210),
(280, 6, 5, 38, 'I am outgoing', '5', 1457022210),
(281, 6, 5, 38, 'Clever', '4', 1457022210),
(282, 6, 5, 38, 'Domineering', '5', 1457022210),
(283, 6, 5, 38, 'Ambitious', '4', 1457022210),
(284, 6, 5, 38, 'Intelligent', '5', 1457022210),
(285, 6, 5, 38, 'Extroverted', '4', 1457022210),
(286, 6, 5, 38, 'Introverted', '5', 1457022210),
(287, 6, 5, 38, 'Submissive', '4', 1457022210),
(288, 6, 5, 38, 'Argumentative', '5', 1457022210),
(289, 6, 5, 38, 'Cold', '5', 1457022210),
(290, 6, 5, 38, 'Stable', '4', 1457022210),
(291, 6, 5, 38, 'Energetic', '5', 1457022210),
(292, 6, 5, 39, 'Adventurous', '4', 1457022210),
(293, 6, 5, 39, 'Frugal', '5', 1457022210),
(294, 6, 5, 39, 'Predictable', '4', 1457022210),
(295, 6, 5, 39, 'Compassionate', '5', 1457022210),
(296, 6, 5, 39, 'Intelligent', '4', 1457022210),
(297, 6, 5, 39, 'Sympathetic', '5', 1457022210),
(298, 6, 5, 39, 'Attractive', '4', 1457022210),
(299, 6, 5, 39, 'Loyal', '5', 1457022210),
(300, 6, 5, 39, 'Witty', '4', 1457022210),
(301, 6, 5, 39, 'Spontaneous', '5', 1457022210),
(302, 6, 5, 39, 'Sensitive', '4', 1457022210),
(303, 6, 5, 39, 'Unsuccessful', '5', 1457022210),
(304, 6, 5, 39, 'Generous', '5', 1457022210),
(305, 6, 5, 39, 'Witty', '4', 1457022210),
(306, 6, 5, 39, 'Quarrelsome', '5', 1457022210),
(307, 6, 5, 39, 'Optimistic', '6', 1457022210),
(308, 6, 5, 39, 'Passionate', '5', 1457022210),
(309, 6, 5, 39, 'Funny', '4', 1457022210),
(310, 6, 5, 41, 'Open', '5', 1457022210),
(311, 6, 5, 41, 'Self-aware', '5', 1457022210),
(312, 6, 5, 41, 'Achiever', '4', 1457022210),
(313, 6, 5, 41, 'Lively', '5', 1457022210),
(314, 6, 5, 41, 'Leader', '4', 1457022210),
(315, 6, 5, 41, 'Irritable', '5', 1457022210),
(316, 6, 5, 41, 'Friendly', '6', 1457022210),
(317, 6, 5, 41, 'Calm', '5', 1457022210),
(318, 6, 5, 41, 'Well informed', '4', 1457022210),
(319, 6, 5, 41, 'Aggressive', '5', 1457022210),
(320, 6, 5, 41, 'Outspoken', '6', 1457022210),
(321, 6, 5, 41, 'Affectionate', '5', 1457022210),
(322, 6, 5, 43, 'Good Listener', '', 1457022210),
(323, 6, 5, 43, 'Caring', '', 1457022210),
(324, 6, 5, 43, 'Outgoing', '', 1457022210),
(325, 6, 5, 43, 'Creative', '', 1457022210),
(326, 6, 5, 43, 'Ambitious', '', 1457022210),
(327, 6, 5, 43, 'Generous', '', 1457022210),
(328, 6, 5, 43, 'Intelligent', '', 1457022210),
(329, 6, 5, 43, 'Passionate', '', 1457022210),
(330, 6, 5, 43, 'Modest', '', 1457022210),
(331, 6, 5, 43, 'Spontaneous', '', 1457022210),
(332, 6, 5, 43, 'Optimistic', '', 1457022210),
(333, 6, 5, 43, 'Loyal', '', 1457022210),
(334, 6, 5, 43, 'Articulate', '', 1457022210),
(335, 6, 5, 43, 'Happy', '', 1457022210),
(336, 6, 5, 43, 'Industrious', '', 1457022210),
(337, 6, 5, 43, 'Energetic', '', 1457022210),
(338, 6, 5, 43, 'Quarrelsome', '', 1457022210),
(339, 6, 5, 43, 'Stable', '', 1457022210),
(340, 6, 5, 43, 'Respectful', '', 1457022210),
(341, 6, 5, 43, 'Physically fit', '', 1457022210),
(342, 6, 5, 43, 'Reliable', '', 1457022210),
(343, 6, 5, 43, 'Spiritual', '', 1457022210),
(344, 6, 5, 43, 'Rational', '1', 1457022210),
(345, 6, 5, 43, 'Quiet', '', 1457022210),
(346, 6, 5, 43, 'Thoughtful', '', 1457022210),
(347, 6, 5, 43, 'Funny', '', 1457022210),
(348, 6, 5, 43, 'Affectionate', '1', 1457022210),
(349, 6, 5, 43, 'Warm', '', 1457022210),
(350, 6, 5, 43, 'Romantic', '', 1457022210),
(351, 6, 5, 43, 'Kind', '', 1457022210),
(352, 6, 5, 43, 'Easy-going', '', 1457022210),
(353, 6, 5, 43, 'Genuine', '', 1457022210),
(354, 6, 5, 43, 'Sweet', '1', 1457022210),
(355, 6, 5, 43, 'Perceptive', '1', 1457022210),
(356, 6, 5, 44, 'Emotional', '5', 1457022210),
(357, 6, 5, 44, 'Outgoing', '4', 1457022210),
(358, 6, 5, 44, 'Kind', '5', 1457022210),
(359, 6, 5, 44, 'Happy', '4', 1457022210),
(360, 6, 5, 44, 'Sincere', '3', 1457022210),
(361, 6, 5, 44, 'Industrious', '4', 1457022210),
(362, 6, 5, 44, 'Loving', '5', 1457022210),
(363, 6, 5, 44, 'Responsible', '6', 1457022210),
(364, 6, 5, 44, 'Faithful', '5', 1457022210),
(365, 6, 5, 44, 'Serious', '4', 1457022210),
(366, 6, 5, 44, 'Understanding', '3', 1457022210),
(367, 6, 5, 44, 'Easy-going', '4', 1457022210),
(368, 6, 5, 44, 'Confident', '5', 1457022210),
(369, 6, 5, 44, 'curious', '6', 1457022210),
(370, 6, 5, 44, 'strong', '5', 1457022210),
(371, 6, 5, 45, 'My religious belief is important to me.', '4', 1457022210),
(372, 6, 5, 45, 'I have a great sense of humour.', '3', 1457022210),
(373, 6, 5, 45, 'I enjoy talking to people in social situations.', '4', 1457022210),
(374, 6, 5, 45, 'I am satisfied with my emotional development.', '5', 1457022210),
(375, 6, 5, 45, 'I have a strong desire for sex.', '6', 1457022210),
(376, 6, 5, 45, 'I believe that monogamy is essential in a relationship.', '5', 1457022210),
(377, 6, 5, 45, 'Conversing with new people is easy for me.', '4', 1457022210),
(378, 6, 5, 45, 'I consider myself to be well-adjusted.', '5', 1457022210),
(379, 6, 5, 45, 'I care about appearances.', '4', 1457022210),
(380, 6, 5, 45, 'I laugh often.', '5', 1457022210),
(381, 6, 5, 45, 'I like to be in situations where I meet new people.', '6', 1457022210),
(382, 6, 5, 45, 'I can easily make other people laugh.', '5', 1457022210),
(383, 6, 5, 45, 'My emotional state is stable.', '4', 1457022210),
(384, 6, 5, 45, 'I feel it’s important to continually try to improve myself.', '5', 1457022210),
(385, 6, 5, 45, 'I feel unable to deal with things.', '6', 1457022210),
(386, 6, 5, 45, 'I ask questions in search of information.', '5', 1457022210),
(387, 6, 5, 45, 'Marriage is important to me and should also be a priority for my partner.', '4', 1457022210),
(388, 6, 5, 46, 'I''m proud of my education.', '5', 1457022210),
(389, 6, 5, 46, 'I have to be in control of a situation.', '6', 1457022210),
(390, 6, 5, 46, 'I get upset quickly.', '5', 1457022210),
(391, 6, 5, 46, 'I either like or hate new people.', '4', 1457022210),
(392, 6, 5, 46, 'I feel better around others.', '4', 1457022210),
(393, 6, 5, 46, 'I take my anger out on others.', '5', 1457022210),
(394, 6, 5, 46, 'I like to stay fit.', '5', 1457022210),
(395, 6, 5, 46, 'I''m always prepared.', '4', 1457022210),
(396, 6, 5, 46, 'I pay attention to detail.', '5', 1457022210),
(397, 6, 5, 46, 'I always accomplish a lot.', '4', 1457022210),
(398, 6, 5, 46, 'I like a lot of variety.', '4', 1457022210),
(399, 6, 5, 46, 'I have good social skills.', '5', 1457022210),
(400, 6, 5, 46, 'I get easily discouraged.', '5', 1457022210),
(401, 6, 5, 47, 'Happy', '6', 1457022210),
(402, 6, 5, 47, 'Sad', '5', 1457022210),
(403, 6, 5, 47, 'Worried', '4', 1457022210),
(404, 6, 5, 47, 'Confident', '5', 1457022210),
(405, 6, 5, 47, 'Hopeful', '6', 1457022210),
(406, 6, 5, 47, 'Anxious about the future', '5', 1457022210),
(407, 6, 5, 47, 'Furious', '4', 1457022210),
(408, 6, 5, 47, 'Calm', '5', 1457022210),
(409, 6, 5, 47, 'Fortunate', '4', 1457022210),
(410, 6, 5, 47, 'Out of control', '5', 1457022210),
(411, 6, 5, 47, 'Fulfilled', '5', 1457022210),
(412, 6, 5, 47, 'Depressed', '4', 1457022210),
(413, 6, 5, 47, 'Energetic', '5', 1457022210),
(414, 6, 5, 47, 'Tired', '4', 1457022210),
(415, 6, 5, 47, 'Successful', '5', 1457022210),
(416, 6, 5, 47, 'Unable to cope', '5', 1457022210),
(417, 6, 5, 47, 'Content', '4', 1457022210),
(418, 6, 5, 47, 'Misunderstood', '4', 1457022210),
(419, 6, 5, 47, 'Secure', '5', 1457022210),
(420, 6, 5, 47, 'Paranoid', '5', 1457022210),
(421, 6, 5, 49, 'Conflict resolution', '6', 1457022210),
(422, 6, 5, 49, 'Sociability', '5', 1457022210),
(423, 6, 5, 49, 'Emotional connection', '4', 1457022210),
(424, 6, 5, 49, 'Friendship', '5', 1457022210),
(425, 6, 5, 49, 'Emotional support', '4', 1457022210),
(426, 6, 5, 49, 'Frequent communication', '3', 1457022210),
(427, 6, 5, 49, 'Openness', '4', 1457022210),
(428, 6, 5, 49, 'Honesty', '5', 1457022210),
(429, 6, 5, 49, 'Physical closeness', '5', 1457022210),
(430, 6, 5, 49, 'Making time for each other', '4', 1457022210),
(431, 6, 5, 49, 'Doing special things for him', '3', 1457022210),
(432, 6, 5, 49, 'Compromise', '4', 1457022210),
(433, 6, 5, 49, 'Equality', '5', 1457022210),
(434, 6, 5, 49, 'Similar family plans', '6', 1457022210),
(435, 6, 5, 49, 'Responsibility', '5', 1457022210),
(436, 6, 5, 49, 'Intellectual discussion', '4', 1457022210),
(437, 6, 5, 50, '3', 'family, chocolate and Programming', 1457022210),
(438, 6, 5, 51, 'Music', '5', 1457022210),
(439, 6, 5, 51, 'Adventure Sports', '4', 1457022210),
(440, 6, 5, 51, 'Fine Food and Dining', '5', 1457022210),
(441, 6, 5, 51, 'Team Sports (Football, Rugby, Cricket etc.)', '4', 1457022210),
(442, 6, 5, 51, 'Arts and Crafts', '5', 1457022210),
(443, 6, 5, 51, 'Theatre / Dance / Opera / Ballet', '4', 1457022210),
(444, 6, 5, 51, 'Racket Sports', '5', 1457022210),
(445, 6, 5, 51, 'Nature / Gardening', '6', 1457022210),
(446, 6, 5, 51, 'Socialising / Clubbing', '5', 1457022210),
(447, 6, 5, 51, 'Philanthropy', '4', 1457022210),
(448, 6, 5, 51, 'Movies / Cinema', '3', 1457022210),
(449, 6, 5, 51, 'Travel', '4', 1457022210),
(450, 6, 5, 51, 'Art', '5', 1457022210),
(451, 6, 5, 51, 'Photography', '6', 1457022210),
(452, 6, 5, 51, 'Sailing / Windsurfing / Water Sports', '5', 1457022210),
(453, 6, 5, 51, 'Literature / Reading', '4', 1457022210),
(454, 6, 5, 51, 'Health and Fitness', '5', 1457022210),
(455, 6, 5, 51, 'Hiking / Climbing', '4', 1457022210),
(456, 6, 5, 52, 'Spending time with family', '', 1457022210),
(457, 6, 5, 52, 'Spending time with friends', '', 1457022210),
(458, 6, 5, 52, 'Live music and concerts', '', 1457022210),
(459, 6, 5, 52, 'Spending time outdoors', '', 1457022210),
(460, 6, 5, 52, 'Spending time indoors', '', 1457022210),
(461, 6, 5, 52, 'Participation in the religious activities', '', 1457022210),
(462, 6, 5, 52, 'Playing musical instruments / Singing', '', 1457022210),
(463, 6, 5, 52, 'Science / Technology', '', 1457022210),
(464, 6, 5, 52, 'Personal development', '', 1457022210),
(465, 6, 5, 52, 'Charity work', '', 1457022210),
(466, 6, 5, 52, 'Watching sporting events', '1', 1457022210),
(467, 6, 5, 52, 'Cookery', '', 1457022210),
(468, 6, 5, 52, 'House keeping', '', 1457022210),
(469, 6, 5, 52, 'Swimming', '', 1457022210),
(470, 6, 5, 52, 'Cycling', '', 1457022210),
(471, 6, 5, 52, 'Comedy', '', 1457022210),
(472, 6, 5, 52, 'Galleries and Museum', '', 1457022210),
(473, 6, 5, 52, 'Running / Jogging', '1', 1457022210),
(474, 6, 5, 52, 'Languages', '', 1457022210),
(475, 6, 5, 52, 'Writing / Blogging', '', 1457022210),
(476, 6, 5, 52, 'PC and Console gaming', '1', 1457022210),
(477, 6, 5, 52, 'Politics / Current Affairs', '1', 1457022210),
(478, 6, 5, 53, '3', 'Sex and Movies', 1457022210),
(479, 6, 5, 54, 'I always try to accommodate the wishes of others.', '5', 1457022210),
(480, 6, 5, 54, 'I always try to understand others.', '4', 1457022210),
(481, 6, 5, 54, 'I always respect the opinions of others', '5', 1457022210),
(482, 6, 5, 54, 'I always try to fix any issues which arise between my partner and I.', '5', 1457022210),
(483, 6, 5, 54, 'I usually try to avoid disagreements.', '6', 1457022210),
(484, 6, 5, 54, 'I tendtry to forget an issue once it is resolved.', '5', 1457022210),
(485, 6, 5, 54, 'I''m typically a people pleaser.', '4', 1457022210),
(486, 6, 5, 56, 'Never', 'Never', 1457022210),
(487, 6, 5, 57, '5', '5', 1457022210),
(488, 6, 5, 58, 'Never', 'Never', 1457022210),
(489, 6, 5, 59, 'A few times a year', 'A few times a year', 1457022210),
(490, 6, 5, 60, '5', '5', 1457022210),
(491, 6, 5, 61, 'I have none', 'I have none', 1457022210),
(492, 6, 5, 62, 'Maybe', 'Maybe', 1457022210),
(493, 6, 5, 63, 'Yes', 'Yes', 1457022210),
(494, 7, 1, 5, 'Female', 'Female', 1457902825),
(495, 7, 1, 6, 'Male', 'Male', 1457902825),
(496, 7, 1, 7, '', '', 1457902825),
(497, 7, 1, 8, '', '', 1457902825),
(498, 7, 1, 9, '', '', 1457902825),
(499, 7, 1, 10, '', '', 1457902825),
(500, 7, 1, 11, '6', '6', 1457902825),
(501, 7, 1, 12, '5', '5', 1457902825),
(502, 7, 1, 13, '6', '6', 1457902825),
(503, 7, 1, 14, '', '', 1457902825),
(504, 7, 1, 16, '6', '6', 1457902825),
(505, 7, 1, 17, '', '', 1457902825),
(506, 7, 1, 18, '6', '6', 1457902825),
(507, 7, 1, 19, 'widow / widower', 'widow / widower', 1457902825),
(508, 7, 1, 21, '6', '6', 1457902825),
(509, 7, 1, 22, 'I am spiritual but not religious', 'I am spiritual but not religious', 1457902825),
(510, 7, 1, 23, 'Budahism', 'Budahism', 1457902825),
(511, 7, 1, 24, 'catholic', 'catholic', 1457902825),
(512, 7, 1, 25, '6', '6', 1457902825),
(513, 7, 1, 32, 'Have his/her own business', 'Have his/her own business', 1457902825),
(514, 7, 2, 26, 'Bachelor''s Degree', 'Bachelor''s Degree', 1457902825),
(515, 7, 2, 27, 'Master''s Degree', 'Master''s Degree', 1457902825),
(516, 7, 2, 28, '6', '6', 1457902825),
(517, 7, 2, 29, 'Self-employed', 'Self-employed', 1457902825),
(518, 7, 2, 30, '', '', 1457902825),
(519, 7, 2, 31, '6', '6', 1457902825),
(520, 7, 3, 33, '', '', 1457902825),
(521, 7, 3, 34, '6', '6', 1457902825),
(522, 7, 3, 36, 'I do things according to plan.', '6', 1457902825),
(523, 7, 3, 36, 'I make out time for others.', '6', 1457902825),
(524, 7, 3, 36, 'I often feel overwhelmed by things', '5', 1457902825),
(525, 7, 3, 36, 'I love  helping others', '4', 1457902825),
(526, 7, 3, 36, 'I love to seek adventure.', '3', 1457902825),
(527, 7, 3, 36, 'I often leave a mess in my room.', '2', 1457902825),
(528, 7, 3, 36, 'My contributions usually raise the level of conversation.', '1', 1457902825),
(529, 7, 3, 36, 'I become stressed easily.', '4', 1457902825),
(530, 7, 3, 36, 'I often try to make sure that other people feel good.', '6', 1457902825),
(531, 7, 3, 36, 'I''m good at analysing problems.', '5', 1457902825),
(532, 7, 3, 36, 'I stand up for myself and my interests.', '4', 1457902825),
(533, 7, 3, 36, 'I get easily discouraged.', '3', 1457902825),
(534, 7, 3, 36, 'I can handle a great deal of information', '2', 1457902825),
(535, 7, 3, 36, 'I often waste my time.', '1', 1457902825),
(536, 7, 3, 36, 'I grasp situations quickly', '5', 1457902825),
(537, 7, 3, 36, 'I usually wait for others to take the initiative.', '6', 1457902825),
(538, 7, 3, 36, 'I like order and regularity.', '5', 1457902825),
(539, 7, 3, 36, 'I like to do nice things for other people.', '4', 1457902825),
(540, 7, 3, 36, 'I can be impatient', '3', 1457902825),
(541, 7, 3, 36, 'I love intellectual discussions', '2', 1457902825),
(542, 7, 3, 36, 'I am good at analysing problems', '5', 1457902825),
(543, 7, 3, 37, '6', '6', 1457902825),
(544, 7, 5, 45, 'My religious belief is important to me.', '6', 1457902825),
(545, 7, 5, 45, 'I have a great sense of humour.', '5', 1457902825),
(546, 7, 5, 45, 'I enjoy talking to people in social situations.', '4', 1457902825),
(547, 7, 5, 45, 'I am satisfied with my emotional development.', '5', 1457902825),
(548, 7, 5, 45, 'I have a strong desire for sex.', '6', 1457902825),
(549, 7, 5, 45, 'I believe that monogamy is essential in a relationship.', '6', 1457902825),
(550, 7, 5, 45, 'Conversing with new people is easy for me.', '4', 1457902825),
(551, 7, 5, 45, 'I consider myself to be well-adjusted.', '3', 1457902825),
(552, 7, 5, 45, 'I care about appearances.', '6', 1457902825),
(553, 7, 5, 45, 'I laugh often.', '5', 1457902825),
(554, 7, 5, 45, 'I like to be in situations where I meet new people.', '6', 1457902825),
(555, 7, 5, 45, 'I can easily make other people laugh.', '5', 1457902825),
(556, 7, 5, 45, 'My emotional state is stable.', '6', 1457902825),
(557, 7, 5, 45, 'I feel it’s important to continually try to improve myself.', '4', 1457902825),
(558, 7, 5, 45, 'I feel unable to deal with things.', '5', 1457902825),
(559, 7, 5, 45, 'I ask questions in search of information.', '6', 1457902825),
(560, 7, 5, 45, 'Marriage is important to me and should also be a priority for my partner.', '5', 1457902825),
(561, 7, 5, 46, 'I''m proud of my education.', '6', 1457902825),
(562, 7, 5, 46, 'I have to be in control of a situation.', '5', 1457902825),
(563, 7, 5, 46, 'I get upset quickly.', '4', 1457902825),
(564, 7, 5, 46, 'I either like or hate new people.', '6', 1457902825),
(565, 7, 5, 46, 'I feel better around others.', '6', 1457902825),
(566, 7, 5, 46, 'I take my anger out on others.', '5', 1457902825),
(567, 7, 5, 46, 'I like to stay fit.', '4', 1457902825),
(568, 7, 5, 46, 'I''m always prepared.', '5', 1457902825),
(569, 7, 5, 46, 'I pay attention to detail.', '6', 1457902825),
(570, 7, 5, 46, 'I always accomplish a lot.', '5', 1457902825),
(571, 7, 5, 46, 'I like a lot of variety.', '4', 1457902825),
(572, 7, 5, 46, 'I have good social skills.', '5', 1457902825),
(573, 7, 5, 46, 'I get easily discouraged.', '6', 1457902825),
(574, 7, 5, 47, 'Happy', '6', 1457902825),
(575, 7, 5, 47, 'Sad', '6', 1457902825),
(576, 7, 5, 47, 'Worried', '6', 1457902825),
(577, 7, 5, 47, 'Confident', '6', 1457902825),
(578, 7, 5, 47, 'Hopeful', '6', 1457902825),
(579, 7, 5, 47, 'Anxious about the future', '6', 1457902825),
(580, 7, 5, 47, 'Furious', '6', 1457902825),
(581, 7, 5, 47, 'Calm', '6', 1457902825),
(582, 7, 5, 47, 'Fortunate', '6', 1457902825),
(583, 7, 5, 47, 'Out of control', '6', 1457902825),
(584, 7, 5, 47, 'Fulfilled', '6', 1457902825),
(585, 7, 5, 47, 'Depressed', '6', 1457902825),
(586, 7, 5, 47, 'Energetic', '6', 1457902825),
(587, 7, 5, 47, 'Tired', '6', 1457902825),
(588, 7, 5, 47, 'Successful', '6', 1457902825),
(589, 7, 5, 47, 'Unable to cope', '6', 1457902825),
(590, 7, 5, 47, 'Content', '6', 1457902825),
(591, 7, 5, 47, 'Misunderstood', '6', 1457902825),
(592, 7, 5, 47, 'Secure', '6', 1457902825),
(593, 7, 5, 47, 'Paranoid', '6', 1457902825),
(594, 7, 5, 50, '', '', 1457902825),
(595, 7, 5, 51, 'Music', '6', 1457902825),
(596, 7, 5, 51, 'Adventure Sports', '5', 1457902825),
(597, 7, 5, 51, 'Fine Food and Dining', '6', 1457902825),
(598, 7, 5, 51, 'Team Sports (Football, Rugby, Cricket etc.)', '5', 1457902825),
(599, 7, 5, 51, 'Arts and Crafts', '6', 1457902825),
(600, 7, 5, 51, 'Theatre / Dance / Opera / Ballet', '5', 1457902825),
(601, 7, 5, 51, 'Racket Sports', '6', 1457902825),
(602, 7, 5, 51, 'Nature / Gardening', '4', 1457902825),
(603, 7, 5, 51, 'Socialising / Clubbing', '5', 1457902825),
(604, 7, 5, 51, 'Philanthropy', '6', 1457902825),
(605, 7, 5, 51, 'Movies / Cinema', '5', 1457902825),
(606, 7, 5, 51, 'Travel', '4', 1457902825),
(607, 7, 5, 51, 'Art', '6', 1457902825),
(608, 7, 5, 51, 'Photography', '5', 1457902825),
(609, 7, 5, 51, 'Sailing / Windsurfing / Water Sports', '4', 1457902825),
(610, 7, 5, 51, 'Literature / Reading', '5', 1457902825),
(611, 7, 5, 51, 'Health and Fitness', '6', 1457902825),
(612, 7, 5, 51, 'Hiking / Climbing', '5', 1457902825),
(613, 7, 5, 52, '', '', 1457902825),
(614, 7, 5, 53, '', '', 1457902825),
(615, 7, 5, 56, 'A few times a week', 'A few times a week', 1457902825),
(616, 7, 5, 57, '6', '6', 1457902825),
(617, 7, 5, 58, 'A few times a year', 'A few times a year', 1457902825),
(618, 7, 5, 59, 'A few times a week', 'A few times a week', 1457902825),
(619, 7, 5, 60, '6', '6', 1457902825),
(620, 7, 5, 61, 'Two children', 'Two children', 1457902825),
(621, 7, 5, 62, 'Maybe', 'Maybe', 1457902825),
(622, 7, 5, 63, 'No', 'No', 1457902825),
(623, 8, 1, 5, 'Female', 'Female', 1458062912),
(624, 8, 1, 6, 'Male', 'Male', 1458062912),
(625, 8, 1, 7, '', '', 1458062912),
(626, 8, 1, 8, '', '', 1458062912),
(627, 8, 1, 9, '', '', 1458062912),
(628, 8, 1, 10, '', '', 1458062912),
(629, 8, 1, 11, '6', '6', 1458062912),
(630, 8, 1, 12, '5', '5', 1458062912),
(631, 8, 1, 13, '4', '4', 1458062912),
(632, 8, 1, 14, '', '', 1458062912),
(633, 8, 1, 16, '6', '6', 1458062912),
(634, 8, 1, 17, '', '', 1458062912),
(635, 8, 1, 18, '6', '6', 1458062912),
(636, 8, 1, 19, 'widow / widower', 'widow / widower', 1458062912),
(637, 8, 1, 21, '6', '6', 1458062912),
(638, 8, 1, 22, 'I am spiritual but not religious', 'I am spiritual but not religious', 1458062912),
(639, 8, 1, 23, 'Budahism', 'Budahism', 1458062912),
(640, 8, 1, 24, 'Budhist', 'Budhist', 1458062912),
(641, 8, 1, 25, '6', '6', 1458062912),
(642, 8, 1, 32, 'Have his/her own business', 'Have his/her own business', 1458062912),
(643, 8, 2, 26, 'Primary Education', 'Primary Education', 1458062912),
(644, 8, 2, 27, 'Grammar School / Secondary / Apprenticeship', 'Grammar School / Secondary / Apprenticeship', 1458062912),
(645, 8, 2, 28, '5', '5', 1458062912),
(646, 8, 2, 29, 'Self-employed', 'Self-employed', 1458062912),
(647, 8, 2, 30, '', '', 1458062912),
(648, 8, 2, 31, '6', '6', 1458062912),
(649, 8, 3, 33, '', '', 1458062912),
(650, 8, 3, 34, '6', '6', 1458062912),
(651, 8, 3, 36, 'I do things according to plan.', '5', 1458062912),
(652, 8, 3, 36, 'I make out time for others.', '4', 1458062912),
(653, 8, 3, 36, 'I often feel overwhelmed by things', '5', 1458062912),
(654, 8, 3, 36, 'I love  helping others', '6', 1458062912),
(655, 8, 3, 36, 'I love to seek adventure.', '5', 1458062912),
(656, 8, 3, 36, 'I often leave a mess in my room.', '4', 1458062912),
(657, 8, 3, 36, 'My contributions usually raise the level of conversation.', '5', 1458062912),
(658, 8, 3, 36, 'I become stressed easily.', '6', 1458062912),
(659, 8, 3, 36, 'I often try to make sure that other people feel good.', '5', 1458062912),
(660, 8, 3, 36, 'I''m good at analysing problems.', '4', 1458062912),
(661, 8, 3, 36, 'I stand up for myself and my interests.', '5', 1458062912),
(662, 8, 3, 36, 'I get easily discouraged.', '6', 1458062912),
(663, 8, 3, 36, 'I can handle a great deal of information', '5', 1458062912),
(664, 8, 3, 36, 'I often waste my time.', '4', 1458062912),
(665, 8, 3, 36, 'I grasp situations quickly', '5', 1458062912),
(666, 8, 3, 36, 'I usually wait for others to take the initiative.', '6', 1458062912),
(667, 8, 3, 36, 'I like order and regularity.', '5', 1458062912),
(668, 8, 3, 36, 'I like to do nice things for other people.', '4', 1458062912),
(669, 8, 3, 36, 'I can be impatient', '3', 1458062912),
(670, 8, 3, 36, 'I love intellectual discussions', '4', 1458062912),
(671, 8, 3, 36, 'I am good at analysing problems', '5', 1458062912),
(672, 8, 3, 37, '6', '6', 1458062912),
(673, 8, 5, 45, 'My religious belief is important to me.', '6', 1458062912),
(674, 8, 5, 45, 'I have a great sense of humour.', '5', 1458062912),
(675, 8, 5, 45, 'I enjoy talking to people in social situations.', '4', 1458062912),
(676, 8, 5, 45, 'I am satisfied with my emotional development.', '5', 1458062912),
(677, 8, 5, 45, 'I have a strong desire for sex.', '6', 1458062912),
(678, 8, 5, 45, 'I believe that monogamy is essential in a relationship.', '5', 1458062912),
(679, 8, 5, 45, 'Conversing with new people is easy for me.', '4', 1458062912),
(680, 8, 5, 45, 'I consider myself to be well-adjusted.', '4', 1458062912),
(681, 8, 5, 45, 'I care about appearances.', '5', 1458062912),
(682, 8, 5, 45, 'I laugh often.', '6', 1458062912),
(683, 8, 5, 45, 'I like to be in situations where I meet new people.', '5', 1458062912),
(684, 8, 5, 45, 'I can easily make other people laugh.', '4', 1458062912),
(685, 8, 5, 45, 'My emotional state is stable.', '', 1458062912),
(686, 8, 5, 45, 'I feel it’s important to continually try to improve myself.', '6', 1458062912),
(687, 8, 5, 45, 'I feel unable to deal with things.', '5', 1458062912),
(688, 8, 5, 45, 'I ask questions in search of information.', '4', 1458062912),
(689, 8, 5, 45, 'Marriage is important to me and should also be a priority for my partner.', '5', 1458062912),
(690, 8, 5, 46, 'I''m proud of my education.', '6', 1458062912),
(691, 8, 5, 46, 'I have to be in control of a situation.', '5', 1458062912),
(692, 8, 5, 46, 'I get upset quickly.', '4', 1458062912),
(693, 8, 5, 46, 'I either like or hate new people.', '5', 1458062912),
(694, 8, 5, 46, 'I feel better around others.', '5', 1458062912),
(695, 8, 5, 46, 'I take my anger out on others.', '6', 1458062912),
(696, 8, 5, 46, 'I like to stay fit.', '5', 1458062912),
(697, 8, 5, 46, 'I''m always prepared.', '4', 1458062912),
(698, 8, 5, 46, 'I pay attention to detail.', '5', 1458062912),
(699, 8, 5, 46, 'I always accomplish a lot.', '6', 1458062912),
(700, 8, 5, 46, 'I like a lot of variety.', '5', 1458062912),
(701, 8, 5, 46, 'I have good social skills.', '4', 1458062912),
(702, 8, 5, 46, 'I get easily discouraged.', '5', 1458062912),
(703, 8, 5, 47, 'Happy', '6', 1458062912),
(704, 8, 5, 47, 'Sad', '5', 1458062912),
(705, 8, 5, 47, 'Worried', '4', 1458062912),
(706, 8, 5, 47, 'Confident', '5', 1458062912),
(707, 8, 5, 47, 'Hopeful', '6', 1458062912),
(708, 8, 5, 47, 'Anxious about the future', '5', 1458062912),
(709, 8, 5, 47, 'Furious', '4', 1458062912),
(710, 8, 5, 47, 'Calm', '6', 1458062912),
(711, 8, 5, 47, 'Fortunate', '5', 1458062912),
(712, 8, 5, 47, 'Out of control', '4', 1458062912),
(713, 8, 5, 47, 'Fulfilled', '5', 1458062912),
(714, 8, 5, 47, 'Depressed', '6', 1458062912),
(715, 8, 5, 47, 'Energetic', '5', 1458062912),
(716, 8, 5, 47, 'Tired', '4', 1458062912),
(717, 8, 5, 47, 'Successful', '5', 1458062912),
(718, 8, 5, 47, 'Unable to cope', '6', 1458062912),
(719, 8, 5, 47, 'Content', '5', 1458062912),
(720, 8, 5, 47, 'Misunderstood', '4', 1458062912),
(721, 8, 5, 47, 'Secure', '5', 1458062912),
(722, 8, 5, 47, 'Paranoid', '6', 1458062912),
(723, 8, 5, 50, '', '', 1458062912),
(724, 8, 5, 51, 'Music', '6', 1458062912),
(725, 8, 5, 51, 'Adventure Sports', '5', 1458062912),
(726, 8, 5, 51, 'Fine Food and Dining', '4', 1458062912),
(727, 8, 5, 51, 'Team Sports (Football, Rugby, Cricket etc.)', '5', 1458062912),
(728, 8, 5, 51, 'Arts and Crafts', '6', 1458062912),
(729, 8, 5, 51, 'Theatre / Dance / Opera / Ballet', '5', 1458062912),
(730, 8, 5, 51, 'Racket Sports', '4', 1458062912),
(731, 8, 5, 51, 'Nature / Gardening', '3', 1458062912),
(732, 8, 5, 51, 'Socialising / Clubbing', '4', 1458062912),
(733, 8, 5, 51, 'Philanthropy', '5', 1458062912),
(734, 8, 5, 51, 'Movies / Cinema', '6', 1458062912),
(735, 8, 5, 51, 'Travel', '5', 1458062912),
(736, 8, 5, 51, 'Art', '4', 1458062912),
(737, 8, 5, 51, 'Photography', '3', 1458062912),
(738, 8, 5, 51, 'Sailing / Windsurfing / Water Sports', '4', 1458062912),
(739, 8, 5, 51, 'Literature / Reading', '5', 1458062912),
(740, 8, 5, 51, 'Health and Fitness', '5', 1458062912),
(741, 8, 5, 51, 'Hiking / Climbing', '6', 1458062912),
(742, 8, 5, 52, '', '', 1458062912),
(743, 8, 5, 53, '', '', 1458062912),
(744, 8, 5, 56, 'several times a year', 'several times a year', 1458062912),
(745, 8, 5, 57, '6', '6', 1458062912),
(746, 8, 5, 58, 'A few times a year', 'A few times a year', 1458062912),
(747, 8, 5, 59, 'A few times a year', 'A few times a year', 1458062912),
(748, 8, 5, 60, '6', '6', 1458062912),
(749, 8, 5, 61, 'Two children', 'Two children', 1458062912),
(750, 8, 5, 62, 'Maybe', 'Maybe', 1458062912),
(751, 8, 5, 63, 'No', 'No', 1458062912),
(752, 9, 1, 5, 'Male', 'Male', 1458425858),
(753, 9, 1, 6, 'Female', 'Female', 1458425858),
(754, 9, 1, 7, '', '', 1458425858),
(755, 9, 1, 8, '', '', 1458425858),
(756, 9, 1, 9, '', '', 1458425858),
(757, 9, 1, 10, '', '', 1458425858),
(758, 9, 1, 11, '6', '6', 1458425858),
(759, 9, 1, 12, '5', '5', 1458425858),
(760, 9, 1, 13, '4', '4', 1458425858),
(761, 9, 1, 14, '', '', 1458425858),
(762, 9, 1, 16, '3', '3', 1458425858),
(763, 9, 1, 17, '', '', 1458425858),
(764, 9, 1, 18, '5', '5', 1458425858),
(765, 9, 1, 19, 'never been married', 'never been married', 1458425858),
(766, 9, 1, 21, '5', '5', 1458425858),
(767, 9, 1, 22, 'I am religious but not spiritual', 'I am religious but not spiritual', 1458425858),
(768, 9, 1, 23, 'catholic', 'catholic', 1458425858),
(769, 9, 1, 24, 'Muslim', 'Muslim', 1458425858),
(770, 9, 1, 25, '6', '6', 1458425858),
(771, 9, 1, 32, 'Have his/her own business', 'Have his/her own business', 1458425858),
(772, 9, 2, 26, 'No Education', 'No Education', 1458425858),
(773, 9, 2, 27, 'Doctorate', 'Doctorate', 1458425858),
(774, 9, 2, 28, '6', '6', 1458425858),
(775, 9, 2, 29, 'Self-employed', 'Self-employed', 1458425858),
(776, 9, 2, 30, '', '', 1458425858),
(777, 9, 2, 31, '6', '6', 1458425858),
(778, 9, 3, 33, '', '', 1458425858),
(779, 9, 3, 34, '4', '4', 1458425858),
(780, 9, 3, 36, 'I do things according to plan.', '6', 1458425858),
(781, 9, 3, 36, 'I make out time for others.', '5', 1458425858),
(782, 9, 3, 36, 'I often feel overwhelmed by things', '3', 1458425858),
(783, 9, 3, 36, 'I love  helping others', '4', 1458425858),
(784, 9, 3, 36, 'I love to seek adventure.', '5', 1458425858),
(785, 9, 3, 36, 'I often leave a mess in my room.', '6', 1458425858),
(786, 9, 3, 36, 'My contributions usually raise the level of conversation.', '2', 1458425858),
(787, 9, 3, 36, 'I become stressed easily.', '5', 1458425858),
(788, 9, 3, 36, 'I often try to make sure that other people feel good.', '6', 1458425858),
(789, 9, 3, 36, 'I''m good at analysing problems.', '5', 1458425858),
(790, 9, 3, 36, 'I stand up for myself and my interests.', '4', 1458425858),
(791, 9, 3, 36, 'I get easily discouraged.', '3', 1458425858),
(792, 9, 3, 36, 'I can handle a great deal of information', '2', 1458425858),
(793, 9, 3, 36, 'I often waste my time.', '1', 1458425858),
(794, 9, 3, 36, 'I grasp situations quickly', '5', 1458425858),
(795, 9, 3, 36, 'I usually wait for others to take the initiative.', '6', 1458425858),
(796, 9, 3, 36, 'I like order and regularity.', '6', 1458425858),
(797, 9, 3, 36, 'I like to do nice things for other people.', '5', 1458425858),
(798, 9, 3, 36, 'I can be impatient', '4', 1458425858),
(799, 9, 3, 36, 'I love intellectual discussions', '3', 1458425858),
(800, 9, 3, 36, 'I am good at analysing problems', '6', 1458425858),
(801, 9, 3, 37, '0', '0', 1458425858),
(802, 9, 5, 45, 'My religious belief is important to me.', '6', 1458425858),
(803, 9, 5, 45, 'I have a great sense of humour.', '5', 1458425858),
(804, 9, 5, 45, 'I enjoy talking to people in social situations.', '4', 1458425858),
(805, 9, 5, 45, 'I am satisfied with my emotional development.', '5', 1458425858),
(806, 9, 5, 45, 'I have a strong desire for sex.', '6', 1458425858),
(807, 9, 5, 45, 'I believe that monogamy is essential in a relationship.', '5', 1458425858),
(808, 9, 5, 45, 'Conversing with new people is easy for me.', '4', 1458425858),
(809, 9, 5, 45, 'I consider myself to be well-adjusted.', '5', 1458425858),
(810, 9, 5, 45, 'I care about appearances.', '6', 1458425858),
(811, 9, 5, 45, 'I laugh often.', '5', 1458425858),
(812, 9, 5, 45, 'I like to be in situations where I meet new people.', '4', 1458425858),
(813, 9, 5, 45, 'I can easily make other people laugh.', '6', 1458425858),
(814, 9, 5, 45, 'My emotional state is stable.', '6', 1458425858),
(815, 9, 5, 45, 'I feel it’s important to continually try to improve myself.', '5', 1458425858),
(816, 9, 5, 45, 'I feel unable to deal with things.', '4', 1458425858),
(817, 9, 5, 45, 'I ask questions in search of information.', '3', 1458425858),
(818, 9, 5, 45, 'Marriage is important to me and should also be a priority for my partner.', '2', 1458425858),
(819, 10, 1, 5, 'Male', 'Male', 1458426582),
(820, 10, 1, 6, 'Female', 'Female', 1458426582),
(821, 10, 1, 7, '', '', 1458426582),
(822, 10, 1, 8, '', '', 1458426582),
(823, 10, 1, 9, '', '', 1458426582),
(824, 10, 1, 10, '', '', 1458426582),
(825, 10, 1, 11, '6', '6', 1458426582),
(826, 10, 1, 12, '6', '6', 1458426582),
(827, 10, 1, 13, '5', '5', 1458426582),
(828, 10, 1, 14, '', '', 1458426582),
(829, 10, 1, 16, '6', '6', 1458426582),
(830, 10, 1, 17, '', '', 1458426582),
(831, 10, 1, 18, '6', '6', 1458426582),
(832, 10, 1, 19, 'never been married', 'never been married', 1458426582),
(833, 10, 1, 21, '6', '6', 1458426582),
(834, 10, 1, 22, 'I am religious but not spiritual', 'I am religious but not spiritual', 1458426582),
(835, 10, 1, 23, 'Muslim', 'Muslim', 1458426582),
(836, 10, 1, 24, 'Judaism', 'Judaism', 1458426582),
(837, 10, 1, 25, '4', '4', 1458426582),
(838, 10, 1, 32, 'Have his/her own business', 'Have his/her own business', 1458426582),
(839, 10, 2, 26, 'No Education', 'No Education', 1458426582),
(840, 10, 2, 27, 'Grammar School / Secondary / Apprenticeship', 'Grammar School / Secondary / Apprenticeship', 1458426582),
(841, 10, 2, 28, '6', '6', 1458426582),
(842, 10, 2, 29, 'Self-employed', 'Self-employed', 1458426582),
(843, 10, 2, 30, '', '', 1458426582),
(844, 10, 2, 31, '5', '5', 1458426582),
(845, 10, 3, 33, '', '', 1458426582),
(846, 10, 3, 34, '6', '6', 1458426582),
(847, 10, 3, 36, 'I do things according to plan.', '6', 1458426582),
(848, 10, 3, 36, 'I make out time for others.', '5', 1458426582),
(849, 10, 3, 36, 'I often feel overwhelmed by things', '4', 1458426582),
(850, 10, 3, 36, 'I love  helping others', '6', 1458426582),
(851, 10, 3, 36, 'I love to seek adventure.', '3', 1458426582),
(852, 10, 3, 36, 'I often leave a mess in my room.', '6', 1458426582),
(853, 10, 3, 36, 'My contributions usually raise the level of conversation.', '5', 1458426582),
(854, 10, 3, 36, 'I become stressed easily.', '6', 1458426582),
(855, 10, 3, 36, 'I often try to make sure that other people feel good.', '5', 1458426582),
(856, 10, 3, 36, 'I''m good at analysing problems.', '6', 1458426582),
(857, 10, 3, 36, 'I stand up for myself and my interests.', '4', 1458426582),
(858, 10, 3, 36, 'I get easily discouraged.', '6', 1458426582),
(859, 10, 3, 36, 'I can handle a great deal of information', '5', 1458426582),
(860, 10, 3, 36, 'I often waste my time.', '6', 1458426582),
(861, 10, 3, 36, 'I grasp situations quickly', '5', 1458426582),
(862, 10, 3, 36, 'I usually wait for others to take the initiative.', '4', 1458426582),
(863, 10, 3, 36, 'I like order and regularity.', '6', 1458426582),
(864, 10, 3, 36, 'I like to do nice things for other people.', '5', 1458426582),
(865, 10, 3, 36, 'I can be impatient', '4', 1458426582),
(866, 10, 3, 36, 'I love intellectual discussions', '5', 1458426582),
(867, 10, 3, 36, 'I am good at analysing problems', '6', 1458426582),
(868, 10, 3, 37, '5', '5', 1458426582),
(869, 10, 5, 45, 'My religious belief is important to me.', '4', 1458426582),
(870, 10, 5, 45, 'I have a great sense of humour.', '6', 1458426582),
(871, 10, 5, 45, 'I enjoy talking to people in social situations.', '5', 1458426582),
(872, 10, 5, 45, 'I am satisfied with my emotional development.', '4', 1458426582),
(873, 10, 5, 45, 'I have a strong desire for sex.', '6', 1458426582),
(874, 10, 5, 45, 'I believe that monogamy is essential in a relationship.', '5', 1458426582),
(875, 10, 5, 45, 'Conversing with new people is easy for me.', '4', 1458426582),
(876, 10, 5, 45, 'I consider myself to be well-adjusted.', '6', 1458426582),
(877, 10, 5, 45, 'I care about appearances.', '5', 1458426582),
(878, 10, 5, 45, 'I laugh often.', '4', 1458426582),
(879, 10, 5, 45, 'I like to be in situations where I meet new people.', '6', 1458426582),
(880, 10, 5, 45, 'I can easily make other people laugh.', '5', 1458426582),
(881, 10, 5, 45, 'My emotional state is stable.', '4', 1458426582),
(882, 10, 5, 45, 'I feel it’s important to continually try to improve myself.', '5', 1458426582),
(883, 10, 5, 45, 'I feel unable to deal with things.', '6', 1458426582),
(884, 10, 5, 45, 'I ask questions in search of information.', '5', 1458426582),
(885, 10, 5, 45, 'Marriage is important to me and should also be a priority for my partner.', '4', 1458426582),
(886, 10, 5, 46, 'I''m proud of my education.', '3', 1458426582),
(887, 10, 5, 46, 'I have to be in control of a situation.', '6', 1458426582),
(888, 10, 5, 46, 'I get upset quickly.', '5', 1458426582),
(889, 10, 5, 46, 'I either like or hate new people.', '4', 1458426582),
(890, 10, 5, 46, 'I feel better around others.', '5', 1458426582),
(891, 10, 5, 46, 'I take my anger out on others.', '6', 1458426582),
(892, 10, 5, 46, 'I like to stay fit.', '5', 1458426582),
(893, 10, 5, 46, 'I''m always prepared.', '4', 1458426582),
(894, 10, 5, 46, 'I pay attention to detail.', '5', 1458426582),
(895, 10, 5, 46, 'I always accomplish a lot.', '6', 1458426582),
(896, 10, 5, 46, 'I like a lot of variety.', '5', 1458426582),
(897, 10, 5, 46, 'I have good social skills.', '4', 1458426582),
(898, 10, 5, 46, 'I get easily discouraged.', '5', 1458426582);
INSERT INTO `response_bank` (`response_id`, `profile_id`, `category_id`, `question_id`, `question_response`, `question_subresponse`, `timestamp`) VALUES
(899, 10, 5, 47, 'Happy', '6', 1458426582),
(900, 10, 5, 47, 'Sad', '5', 1458426582),
(901, 10, 5, 47, 'Worried', '4', 1458426582),
(902, 10, 5, 47, 'Confident', '5', 1458426582),
(903, 10, 5, 47, 'Hopeful', '6', 1458426582),
(904, 10, 5, 47, 'Anxious about the future', '5', 1458426582),
(905, 10, 5, 47, 'Furious', '4', 1458426582),
(906, 10, 5, 47, 'Calm', '5', 1458426582),
(907, 10, 5, 47, 'Fortunate', '6', 1458426582),
(908, 10, 5, 47, 'Out of control', '5', 1458426582),
(909, 10, 5, 47, 'Fulfilled', '4', 1458426582),
(910, 10, 5, 47, 'Depressed', '3', 1458426582),
(911, 10, 5, 47, 'Energetic', '4', 1458426582),
(912, 10, 5, 47, 'Tired', '5', 1458426582),
(913, 10, 5, 47, 'Successful', '6', 1458426582),
(914, 10, 5, 47, 'Unable to cope', '5', 1458426582),
(915, 10, 5, 47, 'Content', '4', 1458426582),
(916, 10, 5, 47, 'Misunderstood', '3', 1458426582),
(917, 10, 5, 47, 'Secure', '4', 1458426582),
(918, 10, 5, 47, 'Paranoid', '5', 1458426582),
(919, 10, 5, 50, '', '', 1458426582),
(920, 10, 5, 51, 'Music', '6', 1458426582),
(921, 10, 5, 51, 'Adventure Sports', '5', 1458426582),
(922, 10, 5, 51, 'Fine Food and Dining', '4', 1458426582),
(923, 10, 5, 51, 'Team Sports (Football, Rugby, Cricket etc.)', '3', 1458426582),
(924, 10, 5, 51, 'Arts and Crafts', '4', 1458426582),
(925, 10, 5, 51, 'Theatre / Dance / Opera / Ballet', '5', 1458426582),
(926, 10, 5, 51, 'Racket Sports', '6', 1458426582),
(927, 10, 5, 51, 'Nature / Gardening', '5', 1458426582),
(928, 10, 5, 51, 'Socialising / Clubbing', '4', 1458426582),
(929, 10, 5, 51, 'Philanthropy', '3', 1458426582),
(930, 10, 5, 51, 'Movies / Cinema', '4', 1458426582),
(931, 10, 5, 51, 'Travel', '5', 1458426582),
(932, 10, 5, 51, 'Art', '6', 1458426582),
(933, 10, 5, 51, 'Photography', '5', 1458426582),
(934, 10, 5, 51, 'Sailing / Windsurfing / Water Sports', '4', 1458426582),
(935, 10, 5, 51, 'Literature / Reading', '3', 1458426582),
(936, 10, 5, 51, 'Health and Fitness', '2', 1458426582),
(937, 10, 5, 51, 'Hiking / Climbing', '6', 1458426582),
(938, 10, 5, 52, '', '', 1458426582),
(939, 10, 5, 53, '', '', 1458426582),
(940, 10, 5, 56, 'several times a year', 'several times a year', 1458426582),
(941, 10, 5, 57, '2', '2', 1458426582),
(942, 10, 5, 58, 'A few times a year', 'A few times a year', 1458426582),
(943, 10, 5, 59, 'Never', 'Never', 1458426582),
(944, 10, 5, 60, '3', '3', 1458426582),
(945, 10, 5, 61, 'Two children', 'Two children', 1458426582),
(946, 10, 5, 62, 'Yes, definitely', 'Yes, definitely', 1458426582),
(947, 10, 5, 63, 'Yes', 'Yes', 1458426582),
(948, 11, 1, 5, 'Female', 'Female', 1458639412),
(949, 11, 1, 6, 'Male', 'Male', 1458639412),
(950, 11, 1, 7, '', '', 1458639412),
(951, 11, 1, 8, '', '', 1458639412),
(952, 11, 1, 9, '', '', 1458639412),
(953, 11, 1, 10, '', '', 1458639412),
(954, 11, 1, 11, '4', '4', 1458639412),
(955, 11, 1, 12, '4', '4', 1458639412),
(956, 11, 1, 13, '4', '4', 1458639412),
(957, 11, 1, 14, '', '', 1458639412),
(958, 11, 1, 16, '5', '5', 1458639412),
(959, 11, 1, 17, '', '', 1458639412),
(960, 11, 1, 18, '4', '4', 1458639412),
(961, 11, 1, 19, 'widow / widower', 'widow / widower', 1458639412),
(962, 11, 1, 21, '4', '4', 1458639412),
(963, 11, 1, 22, 'I am religious but not spiritual', 'I am religious but not spiritual', 1458639412),
(964, 11, 1, 23, 'Muslim', 'Muslim', 1458639412),
(965, 11, 1, 24, 'Muslim', 'Muslim', 1458639412),
(966, 11, 1, 25, '4', '4', 1458639412),
(967, 11, 1, 32, 'Have his/her own business', 'Have his/her own business', 1458639412),
(968, 11, 2, 26, 'No Education', 'No Education', 1458639412),
(969, 11, 2, 27, 'Primary Education', 'Primary Education', 1458639412),
(970, 11, 2, 28, '4', '4', 1458639412),
(971, 11, 2, 29, 'Self-employed', 'Self-employed', 1458639412),
(972, 11, 2, 30, '', '', 1458639412),
(973, 11, 2, 31, '4', '4', 1458639412),
(974, 11, 3, 33, '', '', 1458639412),
(975, 11, 3, 34, '4', '4', 1458639412),
(976, 11, 3, 36, 'I do things according to plan.', '5', 1458639412),
(977, 11, 3, 36, 'I make out time for others.', '5', 1458639412),
(978, 11, 3, 36, 'I often feel overwhelmed by things', '4', 1458639412),
(979, 11, 3, 36, 'I love  helping others', '5', 1458639412),
(980, 11, 3, 36, 'I love to seek adventure.', '4', 1458639412),
(981, 11, 3, 36, 'I often leave a mess in my room.', '5', 1458639412),
(982, 11, 3, 36, 'My contributions usually raise the level of conversation.', '4', 1458639412),
(983, 11, 3, 36, 'I become stressed easily.', '5', 1458639412),
(984, 11, 3, 36, 'I often try to make sure that other people feel good.', '5', 1458639412),
(985, 11, 3, 36, 'I''m good at analysing problems.', '4', 1458639412),
(986, 11, 3, 36, 'I stand up for myself and my interests.', '5', 1458639412),
(987, 11, 3, 36, 'I get easily discouraged.', '4', 1458639412),
(988, 11, 3, 36, 'I can handle a great deal of information', '4', 1458639412),
(989, 11, 3, 36, 'I often waste my time.', '4', 1458639412),
(990, 11, 3, 36, 'I grasp situations quickly', '4', 1458639412),
(991, 11, 3, 36, 'I usually wait for others to take the initiative.', '5', 1458639412),
(992, 11, 3, 36, 'I like order and regularity.', '5', 1458639412),
(993, 11, 3, 36, 'I like to do nice things for other people.', '5', 1458639412),
(994, 11, 3, 36, 'I can be impatient', '4', 1458639412),
(995, 11, 3, 36, 'I love intellectual discussions', '4', 1458639412),
(996, 11, 3, 36, 'I am good at analysing problems', '4', 1458639412),
(997, 11, 3, 37, '4', '4', 1458639412),
(998, 11, 5, 45, 'My religious belief is important to me.', '4', 1458639412),
(999, 11, 5, 45, 'I have a great sense of humour.', '5', 1458639412),
(1000, 11, 5, 45, 'I enjoy talking to people in social situations.', '5', 1458639412),
(1001, 11, 5, 45, 'I am satisfied with my emotional development.', '5', 1458639412),
(1002, 11, 5, 45, 'I have a strong desire for sex.', '4', 1458639412),
(1003, 11, 5, 45, 'I believe that monogamy is essential in a relationship.', '4', 1458639412),
(1004, 11, 5, 45, 'Conversing with new people is easy for me.', '4', 1458639412),
(1005, 11, 5, 45, 'I consider myself to be well-adjusted.', '4', 1458639412),
(1006, 11, 5, 45, 'I care about appearances.', '4', 1458639412),
(1007, 11, 5, 45, 'I laugh often.', '4', 1458639412),
(1008, 11, 5, 45, 'I like to be in situations where I meet new people.', '4', 1458639412),
(1009, 11, 5, 45, 'I can easily make other people laugh.', '4', 1458639412),
(1010, 11, 5, 45, 'My emotional state is stable.', '4', 1458639412),
(1011, 11, 5, 45, 'I feel it’s important to continually try to improve myself.', '5', 1458639412),
(1012, 11, 5, 45, 'I feel unable to deal with things.', '', 1458639412),
(1013, 11, 5, 45, 'I ask questions in search of information.', '', 1458639412),
(1014, 11, 5, 45, 'Marriage is important to me and should also be a priority for my partner.', '5', 1458639412),
(1015, 11, 5, 46, 'I''m proud of my education.', '4', 1458639412),
(1016, 11, 5, 46, 'I have to be in control of a situation.', '4', 1458639412),
(1017, 11, 5, 46, 'I get upset quickly.', '4', 1458639412),
(1018, 11, 5, 46, 'I either like or hate new people.', '4', 1458639412),
(1019, 11, 5, 46, 'I feel better around others.', '4', 1458639412),
(1020, 11, 5, 46, 'I take my anger out on others.', '4', 1458639412),
(1021, 11, 5, 46, 'I like to stay fit.', '4', 1458639412),
(1022, 11, 5, 46, 'I''m always prepared.', '4', 1458639412),
(1023, 11, 5, 46, 'I pay attention to detail.', '4', 1458639412),
(1024, 11, 5, 46, 'I always accomplish a lot.', '4', 1458639412),
(1025, 11, 5, 46, 'I like a lot of variety.', '4', 1458639412),
(1026, 11, 5, 46, 'I have good social skills.', '4', 1458639412),
(1027, 11, 5, 46, 'I get easily discouraged.', '4', 1458639412),
(1028, 11, 5, 47, 'Happy', '4', 1458639412),
(1029, 11, 5, 47, 'Sad', '4', 1458639412),
(1030, 11, 5, 47, 'Worried', '4', 1458639412),
(1031, 11, 5, 47, 'Confident', '4', 1458639412),
(1032, 11, 5, 47, 'Hopeful', '4', 1458639412),
(1033, 11, 5, 47, 'Anxious about the future', '4', 1458639412),
(1034, 11, 5, 47, 'Furious', '4', 1458639412),
(1035, 11, 5, 47, 'Calm', '4', 1458639412),
(1036, 11, 5, 47, 'Fortunate', '4', 1458639412),
(1037, 11, 5, 47, 'Out of control', '4', 1458639412),
(1038, 11, 5, 47, 'Fulfilled', '5', 1458639412),
(1039, 11, 5, 47, 'Depressed', '5', 1458639412),
(1040, 11, 5, 47, 'Energetic', '5', 1458639412),
(1041, 11, 5, 47, 'Tired', '5', 1458639412),
(1042, 11, 5, 47, 'Successful', '5', 1458639412),
(1043, 11, 5, 47, 'Unable to cope', '5', 1458639412),
(1044, 11, 5, 47, 'Content', '5', 1458639412),
(1045, 11, 5, 47, 'Misunderstood', '5', 1458639412),
(1046, 11, 5, 47, 'Secure', '5', 1458639412),
(1047, 11, 5, 47, 'Paranoid', '5', 1458639412),
(1048, 11, 5, 50, '', '', 1458639412),
(1049, 11, 5, 51, 'Music', '5', 1458639412),
(1050, 11, 5, 51, 'Adventure Sports', '5', 1458639412),
(1051, 11, 5, 51, 'Fine Food and Dining', '5', 1458639412),
(1052, 11, 5, 51, 'Team Sports (Football, Rugby, Cricket etc.)', '5', 1458639412),
(1053, 11, 5, 51, 'Arts and Crafts', '5', 1458639412),
(1054, 11, 5, 51, 'Theatre / Dance / Opera / Ballet', '5', 1458639412),
(1055, 11, 5, 51, 'Racket Sports', '5', 1458639412),
(1056, 11, 5, 51, 'Nature / Gardening', '5', 1458639412),
(1057, 11, 5, 51, 'Socialising / Clubbing', '5', 1458639412),
(1058, 11, 5, 51, 'Philanthropy', '5', 1458639412),
(1059, 11, 5, 51, 'Movies / Cinema', '5', 1458639412),
(1060, 11, 5, 51, 'Travel', '5', 1458639412),
(1061, 11, 5, 51, 'Art', '5', 1458639412),
(1062, 11, 5, 51, 'Photography', '5', 1458639412),
(1063, 11, 5, 51, 'Sailing / Windsurfing / Water Sports', '5', 1458639412),
(1064, 11, 5, 51, 'Literature / Reading', '5', 1458639412),
(1065, 11, 5, 51, 'Health and Fitness', '5', 1458639412),
(1066, 11, 5, 51, 'Hiking / Climbing', '5', 1458639412),
(1067, 11, 5, 52, '', '', 1458639412),
(1068, 11, 5, 53, '', '', 1458639412),
(1069, 11, 5, 56, 'several times a year', 'several times a year', 1458639412),
(1070, 11, 5, 57, '5', '5', 1458639412),
(1071, 11, 5, 58, 'A few times a year', 'A few times a year', 1458639412),
(1072, 11, 5, 59, 'A few times a year', 'A few times a year', 1458639412),
(1073, 11, 5, 60, '', '', 1458639412),
(1074, 11, 5, 61, 'Two children', 'Two children', 1458639412),
(1075, 11, 5, 62, 'Maybe', 'Maybe', 1458639412),
(1076, 11, 5, 63, 'No', 'No', 1458639412),
(1077, 12, 5, 45, 'My religious belief is important to me.', '6', 1458651061),
(1078, 12, 5, 45, 'I have a great sense of humour.', '6', 1458651061),
(1079, 12, 5, 45, 'I enjoy talking to people in social situations.', '6', 1458651061),
(1080, 12, 5, 45, 'I am satisfied with my emotional development.', '6', 1458651061),
(1081, 12, 5, 45, 'I have a strong desire for sex.', '6', 1458651061),
(1082, 12, 5, 45, 'I believe that monogamy is essential in a relationship.', '', 1458651061),
(1083, 12, 5, 45, 'Conversing with new people is easy for me.', '', 1458651061),
(1084, 12, 5, 45, 'I consider myself to be well-adjusted.', '', 1458651061),
(1085, 12, 5, 45, 'I care about appearances.', '', 1458651061),
(1086, 12, 5, 45, 'I laugh often.', '', 1458651061),
(1087, 12, 5, 45, 'I like to be in situations where I meet new people.', '', 1458651061),
(1088, 12, 5, 45, 'I can easily make other people laugh.', '', 1458651061),
(1089, 12, 5, 45, 'My emotional state is stable.', '', 1458651061),
(1090, 12, 5, 45, 'I feel it’s important to continually try to improve myself.', '', 1458651061),
(1091, 12, 5, 45, 'I feel unable to deal with things.', '', 1458651061),
(1092, 12, 5, 45, 'I ask questions in search of information.', '', 1458651061),
(1093, 12, 5, 45, 'Marriage is important to me and should also be a priority for my partner.', '', 1458651061),
(1094, 12, 5, 46, 'I''m proud of my education.', '', 1458651061),
(1095, 12, 5, 46, 'I have to be in control of a situation.', '', 1458651061),
(1096, 12, 5, 46, 'I get upset quickly.', '', 1458651061),
(1097, 12, 5, 46, 'I either like or hate new people.', '', 1458651061),
(1098, 12, 5, 46, 'I feel better around others.', '', 1458651061),
(1099, 12, 5, 46, 'I take my anger out on others.', '', 1458651061),
(1100, 12, 5, 46, 'I like to stay fit.', '', 1458651061),
(1101, 12, 5, 46, 'I''m always prepared.', '', 1458651061),
(1102, 12, 5, 46, 'I pay attention to detail.', '', 1458651061),
(1103, 12, 5, 46, 'I always accomplish a lot.', '', 1458651061),
(1104, 12, 5, 46, 'I like a lot of variety.', '', 1458651061),
(1105, 12, 5, 46, 'I have good social skills.', '', 1458651061),
(1106, 12, 5, 46, 'I get easily discouraged.', '', 1458651061),
(1107, 12, 5, 47, 'Happy', '', 1458651061),
(1108, 12, 5, 47, 'Sad', '', 1458651061),
(1109, 12, 5, 47, 'Worried', '', 1458651061),
(1110, 12, 5, 47, 'Confident', '', 1458651061),
(1111, 12, 5, 47, 'Hopeful', '', 1458651061),
(1112, 12, 5, 47, 'Anxious about the future', '', 1458651061),
(1113, 12, 5, 47, 'Furious', '', 1458651061),
(1114, 12, 5, 47, 'Calm', '', 1458651061),
(1115, 12, 5, 47, 'Fortunate', '', 1458651061),
(1116, 12, 5, 47, 'Out of control', '', 1458651061),
(1117, 12, 5, 47, 'Fulfilled', '', 1458651061),
(1118, 12, 5, 47, 'Depressed', '', 1458651061),
(1119, 12, 5, 47, 'Energetic', '', 1458651061),
(1120, 12, 5, 47, 'Tired', '', 1458651061),
(1121, 12, 5, 47, 'Successful', '', 1458651061),
(1122, 12, 5, 47, 'Unable to cope', '', 1458651061),
(1123, 12, 5, 47, 'Content', '', 1458651061),
(1124, 12, 5, 47, 'Misunderstood', '', 1458651061),
(1125, 12, 5, 47, 'Secure', '', 1458651061),
(1126, 12, 5, 47, 'Paranoid', '', 1458651061),
(1127, 12, 5, 50, '', '', 1458651061),
(1128, 12, 5, 51, 'Music', '6', 1458651061),
(1129, 12, 5, 51, 'Adventure Sports', '6', 1458651061),
(1130, 12, 5, 51, 'Fine Food and Dining', '6', 1458651061),
(1131, 12, 5, 51, 'Team Sports (Football, Rugby, Cricket etc.)', '6', 1458651061),
(1132, 12, 5, 51, 'Arts and Crafts', '6', 1458651061),
(1133, 12, 5, 51, 'Theatre / Dance / Opera / Ballet', '6', 1458651061),
(1134, 12, 5, 51, 'Racket Sports', '6', 1458651061),
(1135, 12, 5, 51, 'Nature / Gardening', '6', 1458651061),
(1136, 12, 5, 51, 'Socialising / Clubbing', '6', 1458651061),
(1137, 12, 5, 51, 'Philanthropy', '6', 1458651061),
(1138, 12, 5, 51, 'Movies / Cinema', '6', 1458651061),
(1139, 12, 5, 51, 'Travel', '6', 1458651061),
(1140, 12, 5, 51, 'Art', '6', 1458651061),
(1141, 12, 5, 51, 'Photography', '6', 1458651061),
(1142, 12, 5, 51, 'Sailing / Windsurfing / Water Sports', '6', 1458651061),
(1143, 12, 5, 51, 'Literature / Reading', '6', 1458651061),
(1144, 12, 5, 51, 'Health and Fitness', '6', 1458651061),
(1145, 12, 5, 51, 'Hiking / Climbing', '6', 1458651061),
(1146, 12, 5, 52, '', '', 1458651061),
(1147, 12, 5, 53, '', '', 1458651061),
(1148, 12, 5, 56, 'A few times a week', 'A few times a week', 1458651061),
(1149, 12, 5, 57, '6', '6', 1458651061),
(1150, 12, 5, 58, 'A few times a year', 'A few times a year', 1458651061),
(1151, 12, 5, 59, 'A few times a year', 'A few times a year', 1458651061),
(1152, 12, 5, 60, '6', '6', 1458651061),
(1153, 12, 5, 61, 'Two children', 'Two children', 1458651061),
(1154, 12, 5, 62, 'Maybe', 'Maybe', 1458651061),
(1155, 12, 5, 63, 'No', 'No', 1458651061),
(1156, 12, 5, 63, 'No', 'No', 1458651070),
(1157, 12, 5, 63, 'No', 'No', 1458651071),
(1158, 12, 5, 63, 'No', 'No', 1458651071),
(1159, 13, 5, 63, 'No', 'No', 1458651075),
(1160, 13, 5, 63, 'No', 'No', 1458651078),
(1161, 13, 5, 63, 'No', 'No', 1458651078),
(1162, 13, 5, 63, 'No', 'No', 1458651078),
(1163, 13, 5, 63, 'No', 'No', 1458651079),
(1164, 13, 5, 63, 'No', 'No', 1458651079),
(1165, 13, 5, 63, 'No', 'No', 1458651079),
(1166, 14, 1, 5, 'Female', 'Female', 1458841242),
(1167, 14, 1, 6, 'Male', 'Male', 1458841242),
(1168, 14, 1, 7, '', '', 1458841242),
(1169, 14, 1, 8, '', '', 1458841242),
(1170, 14, 1, 9, '', '', 1458841242),
(1171, 14, 1, 9, '', '', 1458841242),
(1172, 14, 1, 10, '', '', 1458841242),
(1173, 14, 1, 11, '6', '6', 1458841242),
(1174, 14, 1, 12, '6', '6', 1458841242),
(1175, 14, 1, 13, '6', '6', 1458841242),
(1176, 14, 1, 14, '', '', 1458841242),
(1177, 14, 1, 16, '6', '6', 1458841242),
(1178, 14, 1, 14, '', '', 1458841242),
(1179, 14, 1, 16, '6', '6', 1458841242),
(1180, 14, 1, 17, '', '', 1458841242),
(1181, 14, 1, 18, '6', '6', 1458841242),
(1182, 14, 1, 16, '', '', 1458841242),
(1183, 14, 1, 17, '', '', 1458841242),
(1184, 14, 1, 18, '', '', 1458841242),
(1185, 14, 1, 19, 'never been married', 'never been married', 1458841242),
(1186, 14, 1, 19, 'divorced with kids', 'divorced with kids', 1458841242),
(1187, 14, 1, 20, '', '', 1458841242),
(1188, 14, 1, 21, '', '', 1458841242),
(1189, 14, 1, 22, 'I am neither', 'I am neither', 1458841242),
(1190, 14, 1, 23, 'None', 'None', 1458841242),
(1191, 14, 1, 24, 'I don''t mind', 'I don''t mind', 1458841242),
(1192, 14, 1, 25, '6', '6', 1458841242),
(1193, 14, 1, 25, '6', '6', 1458841242),
(1194, 14, 1, 32, 'Work in a corporate environment', 'Work in a corporate environment', 1458841242),
(1195, 14, 2, 26, 'No Education', 'No Education', 1458841242),
(1196, 14, 2, 26, 'No Education', 'No Education', 1458841242),
(1197, 14, 2, 27, 'No Education', 'No Education', 1458841242),
(1198, 14, 2, 28, '', '', 1458841242),
(1199, 14, 2, 26, 'No Education', 'No Education', 1458841242),
(1200, 14, 2, 27, 'No Education', 'No Education', 1458841242),
(1201, 14, 2, 28, '0', '0', 1458841242),
(1202, 14, 2, 29, 'Paid Employmennt', 'Paid Employmennt', 1458841242),
(1203, 14, 2, 30, '', '', 1458841242),
(1204, 14, 2, 31, '6', '6', 1458841242),
(1205, 14, 3, 33, '', '', 1458841242),
(1206, 14, 3, 33, '', '', 1458841242),
(1207, 14, 3, 34, '6', '6', 1458841242),
(1208, 14, 3, 34, '6', '6', 1458841242),
(1209, 14, 3, 36, 'I do things according to plan.', '6', 1458841242),
(1210, 14, 3, 36, 'I make out time for others.', '6', 1458841242),
(1211, 14, 3, 36, 'I often feel overwhelmed by things', '6', 1458841242),
(1212, 14, 3, 36, 'I love  helping others', '6', 1458841242),
(1213, 14, 3, 36, 'I love to seek adventure.', '6', 1458841242),
(1214, 14, 3, 36, 'I often leave a mess in my room.', '6', 1458841242),
(1215, 14, 3, 36, 'My contributions usually raise the level of conversation.', '6', 1458841242),
(1216, 14, 3, 36, 'I become stressed easily.', '6', 1458841242),
(1217, 14, 3, 36, 'I often try to make sure that other people feel good.', '6', 1458841242),
(1218, 14, 3, 36, 'I''m good at analysing problems.', '6', 1458841242),
(1219, 14, 3, 36, 'I stand up for myself and my interests.', '6', 1458841242),
(1220, 14, 3, 36, 'I get easily discouraged.', '6', 1458841242),
(1221, 14, 3, 36, 'I can handle a great deal of information', '6', 1458841242),
(1222, 14, 3, 36, 'I often waste my time.', '6', 1458841242),
(1223, 14, 3, 36, 'I grasp situations quickly', '6', 1458841242),
(1224, 14, 3, 36, 'I usually wait for others to take the initiative.', '6', 1458841242),
(1225, 14, 3, 36, 'I like order and regularity.', '6', 1458841242),
(1226, 14, 3, 36, 'I like to do nice things for other people.', '6', 1458841242),
(1227, 14, 3, 36, 'I can be impatient', '6', 1458841242),
(1228, 14, 3, 36, 'I love intellectual discussions', '6', 1458841242),
(1229, 14, 3, 36, 'I am good at analysing problems', '6', 1458841242),
(1230, 14, 3, 37, '6', '6', 1458841242),
(1231, 14, 5, 45, 'My religious belief is important to me.', '6', 1458841242),
(1232, 14, 5, 45, 'I have a great sense of humour.', '6', 1458841242),
(1233, 14, 5, 45, 'I enjoy talking to people in social situations.', '', 1458841242),
(1234, 14, 5, 45, 'I am satisfied with my emotional development.', '', 1458841242),
(1235, 14, 5, 45, 'I have a strong desire for sex.', '', 1458841242),
(1236, 14, 5, 45, 'I believe that monogamy is essential in a relationship.', '', 1458841242),
(1237, 14, 5, 45, 'Conversing with new people is easy for me.', '', 1458841242),
(1238, 14, 5, 45, 'I consider myself to be well-adjusted.', '', 1458841242),
(1239, 14, 5, 45, 'I care about appearances.', '', 1458841242),
(1240, 14, 5, 45, 'I laugh often.', '', 1458841242),
(1241, 14, 5, 45, 'I like to be in situations where I meet new people.', '', 1458841242),
(1242, 14, 5, 45, 'I can easily make other people laugh.', '', 1458841242),
(1243, 14, 5, 45, 'My emotional state is stable.', '', 1458841242),
(1244, 14, 5, 45, 'I feel it’s important to continually try to improve myself.', '', 1458841242),
(1245, 14, 5, 45, 'I feel unable to deal with things.', '', 1458841242),
(1246, 14, 5, 45, 'I ask questions in search of information.', '', 1458841242),
(1247, 14, 5, 45, 'Marriage is important to me and should also be a priority for my partner.', '', 1458841242),
(1248, 14, 5, 46, 'I''m proud of my education.', '', 1458841242),
(1249, 14, 5, 46, 'I have to be in control of a situation.', '', 1458841242),
(1250, 14, 5, 46, 'I get upset quickly.', '', 1458841242),
(1251, 14, 5, 46, 'I either like or hate new people.', '', 1458841242),
(1252, 14, 5, 46, 'I feel better around others.', '', 1458841242),
(1253, 14, 5, 46, 'I take my anger out on others.', '', 1458841242),
(1254, 14, 5, 46, 'I like to stay fit.', '', 1458841242),
(1255, 14, 5, 46, 'I''m always prepared.', '', 1458841242),
(1256, 14, 5, 46, 'I pay attention to detail.', '', 1458841242),
(1257, 14, 5, 46, 'I always accomplish a lot.', '', 1458841242),
(1258, 14, 5, 46, 'I like a lot of variety.', '', 1458841242),
(1259, 14, 5, 46, 'I have good social skills.', '', 1458841242),
(1260, 14, 5, 46, 'I get easily discouraged.', '', 1458841242),
(1261, 14, 5, 47, 'Happy', '', 1458841242),
(1262, 14, 5, 47, 'Sad', '', 1458841242),
(1263, 14, 5, 47, 'Worried', '', 1458841242),
(1264, 14, 5, 47, 'Confident', '', 1458841242),
(1265, 14, 5, 47, 'Hopeful', '', 1458841242),
(1266, 14, 5, 47, 'Anxious about the future', '', 1458841242),
(1267, 14, 5, 47, 'Furious', '', 1458841242),
(1268, 14, 5, 47, 'Calm', '', 1458841242),
(1269, 14, 5, 47, 'Fortunate', '', 1458841242),
(1270, 14, 5, 47, 'Out of control', '', 1458841242),
(1271, 14, 5, 47, 'Fulfilled', '', 1458841242),
(1272, 14, 5, 47, 'Depressed', '', 1458841242),
(1273, 14, 5, 47, 'Energetic', '', 1458841242),
(1274, 14, 5, 47, 'Tired', '', 1458841242),
(1275, 14, 5, 47, 'Successful', '', 1458841242),
(1276, 14, 5, 47, 'Unable to cope', '', 1458841242),
(1277, 14, 5, 47, 'Content', '', 1458841242),
(1278, 14, 5, 47, 'Misunderstood', '', 1458841242),
(1279, 14, 5, 47, 'Secure', '', 1458841242),
(1280, 14, 5, 47, 'Paranoid', '', 1458841242),
(1281, 14, 5, 50, '', '', 1458841242),
(1282, 14, 5, 51, 'Music', '', 1458841242),
(1283, 14, 5, 51, 'Adventure Sports', '', 1458841242),
(1284, 14, 5, 51, 'Fine Food and Dining', '', 1458841242),
(1285, 14, 5, 51, 'Team Sports (Football, Rugby, Cricket etc.)', '', 1458841242),
(1286, 14, 5, 51, 'Arts and Crafts', '', 1458841242),
(1287, 14, 5, 51, 'Theatre / Dance / Opera / Ballet', '', 1458841242),
(1288, 14, 5, 51, 'Racket Sports', '', 1458841242),
(1289, 14, 5, 51, 'Nature / Gardening', '', 1458841242),
(1290, 14, 5, 51, 'Socialising / Clubbing', '', 1458841242),
(1291, 14, 5, 51, 'Philanthropy', '', 1458841242),
(1292, 14, 5, 51, 'Movies / Cinema', '', 1458841242),
(1293, 14, 5, 51, 'Travel', '', 1458841242),
(1294, 14, 5, 51, 'Art', '', 1458841242),
(1295, 14, 5, 51, 'Photography', '', 1458841242),
(1296, 14, 5, 51, 'Sailing / Windsurfing / Water Sports', '', 1458841242),
(1297, 14, 5, 51, 'Literature / Reading', '', 1458841242),
(1298, 14, 5, 51, 'Health and Fitness', '', 1458841242),
(1299, 14, 5, 51, 'Hiking / Climbing', '', 1458841242),
(1300, 14, 5, 50, '', '', 1458841242),
(1301, 14, 5, 51, 'Music', '6', 1458841242),
(1302, 14, 5, 51, 'Adventure Sports', '', 1458841242),
(1303, 14, 5, 51, 'Fine Food and Dining', '', 1458841242),
(1304, 14, 5, 51, 'Team Sports (Football, Rugby, Cricket etc.)', '', 1458841242),
(1305, 14, 5, 51, 'Arts and Crafts', '', 1458841242),
(1306, 14, 5, 51, 'Theatre / Dance / Opera / Ballet', '', 1458841242),
(1307, 14, 5, 51, 'Racket Sports', '', 1458841242),
(1308, 14, 5, 51, 'Nature / Gardening', '', 1458841242),
(1309, 14, 5, 51, 'Socialising / Clubbing', '', 1458841242),
(1310, 14, 5, 51, 'Philanthropy', '', 1458841242),
(1311, 14, 5, 51, 'Movies / Cinema', '', 1458841242),
(1312, 14, 5, 51, 'Travel', '', 1458841242),
(1313, 14, 5, 51, 'Art', '', 1458841242),
(1314, 14, 5, 51, 'Photography', '', 1458841242),
(1315, 14, 5, 51, 'Sailing / Windsurfing / Water Sports', '', 1458841242),
(1316, 14, 5, 51, 'Literature / Reading', '', 1458841242),
(1317, 14, 5, 51, 'Health and Fitness', '', 1458841242),
(1318, 14, 5, 51, 'Hiking / Climbing', '', 1458841242),
(1319, 14, 5, 51, 'Music', '6', 1458841242),
(1320, 14, 5, 51, 'Adventure Sports', '6', 1458841242),
(1321, 14, 5, 51, 'Fine Food and Dining', '6', 1458841242),
(1322, 14, 5, 51, 'Team Sports (Football, Rugby, Cricket etc.)', '4', 1458841242),
(1323, 14, 5, 51, 'Arts and Crafts', '5', 1458841242),
(1324, 14, 5, 51, 'Theatre / Dance / Opera / Ballet', '6', 1458841242),
(1325, 14, 5, 51, 'Racket Sports', '6', 1458841242),
(1326, 14, 5, 51, 'Nature / Gardening', '6', 1458841242),
(1327, 14, 5, 51, 'Socialising / Clubbing', '6', 1458841242),
(1328, 14, 5, 51, 'Philanthropy', '6', 1458841242),
(1329, 14, 5, 51, 'Movies / Cinema', '6', 1458841242),
(1330, 14, 5, 51, 'Travel', '6', 1458841242),
(1331, 14, 5, 51, 'Art', '6', 1458841242),
(1332, 14, 5, 51, 'Photography', '6', 1458841242),
(1333, 14, 5, 51, 'Sailing / Windsurfing / Water Sports', '6', 1458841242),
(1334, 14, 5, 51, 'Literature / Reading', '6', 1458841242),
(1335, 14, 5, 51, 'Health and Fitness', '6', 1458841242),
(1336, 14, 5, 51, 'Hiking / Climbing', '6', 1458841242),
(1337, 14, 5, 52, '', '', 1458841242),
(1338, 14, 5, 53, '', '', 1458841242),
(1339, 14, 5, 56, 'several times a year', 'several times a year', 1458841242),
(1340, 14, 5, 57, '6', '6', 1458841242),
(1341, 14, 5, 58, 'Never', 'Never', 1458841242),
(1342, 14, 5, 59, 'Never', 'Never', 1458841242),
(1343, 14, 5, 60, '6', '6', 1458841242),
(1344, 14, 5, 61, 'Two children', 'Two children', 1458841242),
(1345, 14, 5, 62, 'No thank you', 'No thank you', 1458841242),
(1346, 14, 5, 63, 'No', 'No', 1458841242),
(1347, 14, 5, 63, 'No', 'No', 1458841242),
(1348, 14, 5, 63, 'No', 'No', 1458841242),
(1349, 14, 5, 63, 'No', 'No', 1458841242),
(1350, 14, 5, 63, 'No', 'No', 1458841242),
(1351, 14, 5, 63, 'No', 'No', 1458841242),
(1352, 14, 5, 63, 'No', 'No', 1458841251),
(1353, 15, 5, 63, 'No', 'No', 1458841253),
(1354, 15, 5, 63, 'No', 'No', 1458841283),
(1355, 16, 5, 63, 'No', 'No', 1458841286),
(1356, 17, 5, 63, 'No', 'No', 1458841286),
(1357, 17, 5, 63, 'No', 'No', 1458841286),
(1358, 16, 5, 63, 'No', 'No', 1458841287),
(1359, 16, 5, 63, 'No', 'No', 1458841287),
(1360, 16, 5, 63, 'No', 'No', 1458841287),
(1361, 16, 5, 63, 'No', 'No', 1458841287),
(1362, 16, 5, 63, 'No', 'No', 1458841287),
(1363, 18, 5, 63, 'No', 'No', 1458841287),
(1364, 18, 5, 63, 'No', 'No', 1458841287),
(1365, 18, 5, 63, 'No', 'No', 1458841287),
(1366, 16, 5, 63, 'No', 'No', 1458841287),
(1367, 16, 5, 63, 'No', 'No', 1458841287),
(1368, 16, 5, 63, 'No', 'No', 1458841287),
(1369, 16, 5, 63, 'No', 'No', 1458841287),
(1370, 16, 5, 63, 'No', 'No', 1458841287),
(1371, 19, 5, 63, 'No', 'No', 1458841287),
(1372, 20, 5, 63, 'No', 'No', 1458841287),
(1373, 21, 5, 63, 'No', 'No', 1458841288),
(1374, 19, 5, 63, 'No', 'No', 1458841288),
(1375, 22, 5, 63, 'No', 'No', 1458841288);

--
-- Indexes for dumped tables
--

--
-- Indexes for table `match`
--
ALTER TABLE `match`
  ADD PRIMARY KEY (`match_id`);

--
-- Indexes for table `profile`
--
ALTER TABLE `profile`
  ADD PRIMARY KEY (`p_id`);

--
-- Indexes for table `question_bank`
--
ALTER TABLE `question_bank`
  ADD PRIMARY KEY (`question_id`);

--
-- Indexes for table `question_category`
--
ALTER TABLE `question_category`
  ADD PRIMARY KEY (`category_id`);

--
-- Indexes for table `response_bank`
--
ALTER TABLE `response_bank`
  ADD PRIMARY KEY (`response_id`);

--
-- AUTO_INCREMENT for dumped tables
--

--
-- AUTO_INCREMENT for table `match`
--
ALTER TABLE `match`
  MODIFY `match_id` int(11) NOT NULL AUTO_INCREMENT,AUTO_INCREMENT=2;
--
-- AUTO_INCREMENT for table `profile`
--
ALTER TABLE `profile`
  MODIFY `p_id` int(11) NOT NULL AUTO_INCREMENT,AUTO_INCREMENT=23;
--
-- AUTO_INCREMENT for table `question_bank`
--
ALTER TABLE `question_bank`
  MODIFY `question_id` int(11) NOT NULL AUTO_INCREMENT,AUTO_INCREMENT=75;
--
-- AUTO_INCREMENT for table `question_category`
--
ALTER TABLE `question_category`
  MODIFY `category_id` int(11) NOT NULL AUTO_INCREMENT,AUTO_INCREMENT=6;
--
-- AUTO_INCREMENT for table `response_bank`
--
ALTER TABLE `response_bank`
  MODIFY `response_id` int(11) NOT NULL AUTO_INCREMENT,AUTO_INCREMENT=1376;
/*!40101 SET CHARACTER_SET_CLIENT=@OLD_CHARACTER_SET_CLIENT */;
/*!40101 SET CHARACTER_SET_RESULTS=@OLD_CHARACTER_SET_RESULTS */;
/*!40101 SET COLLATION_CONNECTION=@OLD_COLLATION_CONNECTION */;
